coordinate,k_rad_per_um,lambda_um,Rs,Rp,Ts,Tp,As,Ap,Psi_deg,Delta_deg
12500.0,7.853981633974483,0.8,0.64584698009745,0.12341472198429565,0.30865324731774263,0.8131131549430892,0.04549977258480736,0.06347212307261518,23.611971700424974,245.6985833825771
12525.0,7.869689597242432,0.7984031936127745,0.650559534881089,0.12506894554757966,0.30437083271900783,0.8114085524271997,0.04506963239990319,0.0635225020252207,23.675588930770203,245.27359726871796
12550.0,7.88539756051038,0.7968127490039841,0.6551832519734583,0.1267224361084778,0.30017232647024883,0.8097064001141421,0.04464442155629289,0.06357116377738015,23.739413812973115,244.84729772656027
12575.0,7.90110552377833,0.7952286282306162,0.6597191983230191,0.12837477915939063,0.29605663197763743,0.8080071020530033,0.04422416969934351,0.06361811878760604,23.80340777180741,244.419673636237
12600.0,7.916813487046278,0.7936507936507937,0.664168468979249,0.13002556015372932,0.2920226307263579,0.8063110615775831,0.043808900294393105,0.06366337826868751,23.867533267648096,243.99071666786608
12625.0,7.932521450314227,0.7920792079207921,0.6685321833716503,0.13167436468200122,0.28806918563420414,0.8046186811385053,0.04339863099414554,0.06370695417949346,23.931753777306767,243.56042107731983
12650.0,7.948229413582176,0.790513833992095,0.6728114818109927,0.13332077864431055,0.28419514419637304,0.8029303621392536,0.042993373992634254,0.0637488592164358,23.996033774583033,243.12878351348007
12675.0,7.963937376850126,0.7889546351084812,0.6770075222050217,0.13496438841914643,0.2803993414292375,0.801246504776304,0.0425931363657408,0.06378910680454952,24.06033871059548,242.6958028364072
12700.0,7.979645340118075,0.7874015748031495,0.6811214769806929,0.1366047810283469,0.2766806026210002,0.7995675078833917,0.04219792039830689,0.06382771108826146,24.12463499394973,242.26147994587987
12725.0,7.995353303386024,0.7858546168958742,0.6851545302048339,0.13824154429811428,0.2730377458972281,0.7978937687800232,0.04180772389793802,0.06386468692186253,24.18888997079343,241.82581761978176
12750.0,8.011061266653972,0.7843137254901962,0.6891078748950773,0.1398742670159924,0.2694695846092721,0.7962256831243525,0.041422540495650584,0.06390004985965514,24.25307190480519,241.38882036183895
12775.0,8.026769229921921,0.7827788649706457,0.6929827105129105,0.14150253908370863,0.2659749295535353,0.7945636447704345,0.04104235993355421,0.06393381614585691,24.31714995715774,240.95049425822674
12800.0,8.042477193189871,0.7812499999999999,0.6967802406307024,0.14312595166579062,0.2625525910295118,0.7929080456299599,0.040667168339785786,0.06396600270424957,24.381094166491703,240.51084684259405
12825.0,8.058185156457819,0.7797270955165693,0.7005016707646392,0.1447440973338911,0.25920138074437943,0.7912592755385175,0.040296948490981366,0.06399662712759135,24.44487542893346,240.0698869690671
12850.0,8.073893119725767,0.7782101167315176,0.7041482063656428,0.14635657020675602,0.25592011357181355,0.7896177221264304,0.03993168006254366,0.06402570766681359,24.50846547818613,239.6276246928176
12875.0,8.089601082993719,0.7766990291262135,0.707721050960439,0.14796296608576562,0.25270760917252405,0.7879837706941877,0.039571339867036925,0.06405326322004667,24.57183686571902,239.18407115780008
12900.0,8.105309046261667,0.7751937984496123,0.7112214044351296,0.14956288258601438,0.2495626934838409,0.7863578040925338,0.03921590208102951,0.06407931332145189,24.63496294107996,238.73923849128073
12925.0,8.121017009529615,0.7736943907156674,0.7146504614538467,0.15115591926288252,0.2464842000854319,0.7847402026071926,0.038865338460721405,0.06410387812992491,24.69781783234987,238.29313970479535
12950.0,8.136724972797564,0.7722007722007722,0.718009410005178,0.15274167773406214,0.243470971448102,0.7831313438482915,0.03851961854671995,0.06412697841764636,24.760376426758384,237.84578860119802
12975.0,8.152432936065514,0.770712909441233,0.7212994300693722,0.15431976179702883,0.2405218600723103,0.7815316026444379,0.03817870985831745,0.06414863555853323,24.822614351476897,237.39719968747048
13000.0,8.168140899333462,0.7692307692307693,0.7245216923994935,0.15588977754192357,0.2376357295228665,0.7799413509414778,0.03784257807764002,0.06416887151659867,24.88450795460212,236.94738809298434
13025.0,8.183848862601412,0.7677543186180421,0.7276773574099602,0.15745133345985904,0.2348114553659967,0.7783609577059041,0.03751118722404309,0.06418770883423686,24.946034286344087,236.49636949291983
13050.0,8.19955682586936,0.7662835249042146,0.7307675741661313,0.15900404054662434,0.23204792601475893,0.7767907888329257,0.03718449981910982,0.06420517062044995,25.007171080427607,236.04416003656166
13075.0,8.21526478913731,0.7648183556405354,0.7337934794688686,0.16054751240182055,0.2293440434884914,0.7752312070591268,0.03686247704263995,0.06422128053905263,25.067896735718268,235.59077628020398
13100.0,8.230972752405258,0.7633587786259542,0.7367561970282194,0.16208136532342363,0.22669872409179526,0.7736825718797249,0.03654507887998537,0.06423606279685146,25.128190298079957,235.13623512441316
13125.0,8.246680715673207,0.7619047619047619,0.7396568367206529,0.16360521839780276,0.2241108990182528,0.7721452394703632,0.036232264261094355,0.06424954213183409,25.18803144247114,234.68055375540666
13150.0,8.262388678941155,0.7604562737642586,0.7424964939244784,0.1651186935852244,0.22157951488388405,0.7706195626133963,0.03592399119163758,0.06426174380137928,25.24740045528614,234.22374959032055
13175.0,8.278096642209103,0.759013282732448,0.7452762489283739,0.16662141580087073,0.21910353419508397,0.7691058906286092,0.03562021687654218,0.06427269357052001,25.306278216945568,233.76584022614853
13200.0,8.293804605477055,0.7575757575757575,0.7479971664081367,0.16811301299141854,0.2166819357555565,0.7676045693083327,0.035320897836306764,0.06428241770024878,25.36464618474063,233.30684339214855
13225.0,8.309512568745003,0.7561436672967864,0.750660294967041,0.16959311620721734,0.21431371501654206,0.7661159408568489,0.03502599001641693,0.06429094293593385,25.422486375933822,232.84677690552087
13250.0,8.32522053201295,0.7547169811320755,0.7532666667354138,0.1710613596701392,0.2119978843743985,0.7646403438340652,0.03473544889018773,0.06429829649579566,25.47978135111972,232.38565863017314
13275.0,8.3409284952809,0.7532956685499058,0.7558172970252227,0.17251738083712811,0.20973347341940168,0.7631781131033231,0.034449229555375604,0.06430450605954885,25.536514197846113,231.9235064383995
13300.0,8.35663645854885,0.7518796992481203,0.75831318403575,0.17396082045953878,0.20751952913940935,0.7617295797833098,0.03416728682484066,0.06430959975715145,25.592668514498104,231.46033817530548
13325.0,8.372344421816798,0.75046904315197,0.760755308606581,0.1753913226383244,0.20535511608183368,0.7602950712039641,0.03388957531158529,0.06431360615771153,25.648228394445546,230.9961716258229
13350.0,8.388052385084748,0.749063670411985,0.7631446340143745,0.17680853487513754,0.2032393164771775,0.758874910866254,0.033616049508448015,0.06431655425860838,25.70317841045345,230.53102448416703
13375.0,8.403760348352696,0.7476635514018692,0.765482105810046,0.17821210811943963,0.20117123032721834,0.7574694184057922,0.033346663862735604,0.06431847347476816,25.75750359935643,230.06491432559358
13400.0,8.419468311620646,0.7462686567164178,0.7677686516932205,0.17960169681168586,0.1991499754607045,0.7560789095601266,0.033081372846074986,0.06431939362818762,25.8111894469954,229.5978585803237
13425.0,8.435176274888594,0.7448789571694601,0.7700051814209493,0.18097695892267812,0.19717468755931378,0.7547036961396391,0.03282013101973691,0.06431934493768277,25.864221873416444,229.12987450951078
13450.0,8.450884238156544,0.7434944237918215,0.7721925867478967,0.18233755598917692,0.1952445201564112,0.753344086001911,0.0325628930956921,0.06431835800891206,25.916587218330218,228.66097918312877
13475.0,8.466592201424492,0.7421150278293136,0.7743317413953376,0.18368315314585784,0.1933586446110269,0.7520003830294749,0.03230961399363555,0.06431646382466727,25.968272226830315,228.19118945967173
13500.0,8.482300164692441,0.7407407407407407,0.7764235010464791,0.18501341915372327,0.1915162500592888,0.7506728871107958,0.032060248894232146,0.0643136937354809,26.0192640353694,227.72052196755462
13525.0,8.498008127960391,0.7393715341959334,0.7784687033657739,0.18632802642505195,0.18971654334544974,0.7493618941243887,0.031814753288776365,0.06431007945055933,26.069550157990115,227.24899308811783
13550.0,8.51371609122834,0.7380073800738007,0.7804681680400156,0.18762665104499773,0.18795874893446804,0.7480676959259487,0.03157308302551634,0.06430565302905356,26.119118472809163,226.77661894013818
13575.0,8.529424054496287,0.7366482504604053,0.782422696839167,0.1889089727899446,0.1862421088080023,0.7467905803383308,0.03133519435283072,0.06430044687172465,26.16795720875211,226.30341536575682
13600.0,8.545132017764239,0.7352941176470587,0.7843330736949832,0.1901746751427225,0.18456588234555926,0.7455308311442901,0.031101043959457564,0.06429449371298745,26.2160549325363,225.82939791773902
13625.0,8.560839981032187,0.7339449541284403,0.7862000647956168,0.19142344530478161,0.18292934619240908,0.7442887280818203,0.030870589011974148,0.06428782661339805,26.263400535898317,225.3545818479868
13650.0,8.576547944300135,0.7326007326007327,0.7880244186945213,0.19265497420545982,0.18133179411577274,0.7430645468419691,0.030643787189705923,0.06428047895257105,26.309983223064467,224.87898209722522
13675.0,8.592255907568084,0.7312614259597806,0.789806866432059,0.19386895650843536,0.17977253685070704,0.741858559068977,0.03042059671723396,0.0642724844225876,26.355792498460122,224.40261328579433
13700.0,8.607963870836034,0.72992700729927,0.7915481216683273,0.19506509061548363,0.17825090193698717,0.7406710323626116,0.030200976394685497,0.06426387702190484,26.400818154655052,223.92548970547764
13725.0,8.623671834103982,0.7285974499089253,0.793248880825839,0.19624307866766494,0.1767662335482178,0.7395022302825471,0.029984885625943203,0.06425469104978787,26.445050260541965,223.44762531230216
13750.0,8.63937979737193,0.7272727272727273,0.7949098232407408,0.19740262654404592,0.17531789231430628,0.738352412354637,0.029772284444952946,0.06424496110131706,26.488479149744354,222.96903372025156
13775.0,8.65508776063988,0.7259528130671506,0.7965316113213841,0.19854344385807562,0.17390525513836275,0.7372218340789499,0.029563133540253195,0.06423472206297443,26.53109540925026,222.48972819583526
13800.0,8.670795723907828,0.7246376811594204,0.7981148907131088,0.19966524395174384,0.17252771500900305,0.7361107469393926,0.029357394277888138,0.0642240091088635,26.572889868269087,222.0097216534588
13825.0,8.686503687175778,0.7233273056057866,0.7996602904682085,0.2007677438876264,0.17118468080897375,0.7350193984148083,0.029155028722817722,0.06421285769756524,26.613853587306995,221.5290266515463
13850.0,8.702211650443727,0.7220216606498194,0.8011684232200857,0.20185066443895455,0.16987557712093918,0.7339480319913445,0.02895599965897508,0.06420130356970088,26.65397784745842,221.0476553893665
13875.0,8.717919613711675,0.7207207207207208,0.8026398853607,0.2029137300778087,0.16859984403122422,0.7328968871759974,0.028760270608075816,0.0641893827461939,26.693254139908838,220.56561970451838
13900.0,8.733627576979623,0.7194244604316548,0.8040752572204631,0.20395666896158057,0.16735693693222745,0.731866199511121,0.02856780584730942,0.06417713152729843,26.731674155646466,220.0829310710329
13925.0,8.749335540247575,0.7181328545780968,0.8054751032497934,0.2049792129178055,0.16614632632419166,0.7308562005897968,0.02837857042601491,0.06416458649239765,26.769229775378168,219.59960059805223
13950.0,8.765043503515523,0.7168458781362007,0.8068399722015938,0.20598109742749426,0.16496749761694146,0.7298671180718629,0.02819253018146478,0.06415178450064285,26.80591305964638,219.11563902904888
13975.0,8.780751466783471,0.7155635062611807,0.808170397313991,0.2069620616070908,0.16381995093217144,0.7288991757004817,0.028009651753837572,0.06413876269242746,26.841716239143473,218.63105674154875
14000.0,8.79645943005142,0.7142857142857143,0.8094668964926877,0.20792184818917042,0.162703200906809,0.7279525933190649,0.02782990260050333,0.0641255584917646,26.87663170521965,218.1458637473257
14025.0,8.81216739331937,0.71301247771836,0.8107299724923515,0.2088602035020057,0.1616167764979511,0.7270275868884045,0.027653251009697455,0.06411220960958974,26.91065200058094,217.66006969303655
14050.0,8.827875356587318,0.7117437722419929,0.8119601130965021,0.20977687744811868,0.16056022078982213,0.7261243685038758,0.027479666113675805,0.06409875404800547,26.94376981017332,217.17368386126725
14075.0,8.843583319855268,0.7104795737122557,0.8131577912953798,0.21067162348194612,0.1595330908031666,0.7252431464124979,0.0273091179014536,0.064085230105556,26.975977952249828,216.68671517196213
14100.0,8.859291283123216,0.7092198581560284,0.8143234654613369,0.21154419858673607,0.15853495730747244,0.7243841250297663,0.027141577231190622,0.06407167638349753,27.007269369616594,216.19917218421196
14125.0,8.874999246391166,0.7079646017699115,0.815457579521317,0.21239436325080968,0.15756540463637173,0.7235475049560388,0.02697701584231124,0.06405813179315156,27.03763712105502,215.71106309837555
14150.0,8.890707209659114,0.7067137809187279,0.8165605631260138,0.2132218814432896,0.15662403050654378,0.722733482992362,0.02681540636744245,0.06404463556434847,27.06707437291538,215.2223957585129
14175.0,8.906415172927064,0.7054673721340388,0.8176328318153394,0.2140265205894484,0.1557104458404319,0.721942252155545,0.026656722344228695,0.06403122725500665,27.095574390879957,214.7331776551088
14200.0,8.922123136195012,0.7042253521126761,0.8186747871798545,0.21480805154577517,0.15482427459304404,0.7211740016923704,0.026500938227101423,0.06401794676185435,27.123130531891103,214.24341592806738
14225.0,8.937831099462962,0.70298769771529,0.8196868170178336,0.21556624857489726,0.15396515358309357,0.72042891709274,0.026348029399072798,0.0640048343323627,27.149736236241438,213.75311736995903
14250.0,8.953539062730911,0.7017543859649122,0.8206692954876684,0.2163008893204867,0.15313273232872168,0.719707180101642,0.02619797218360989,0.06399193057787123,27.175385019823402,213.26228842950314
14275.0,8.96924702599886,0.7005253940455342,0.8216225832553294,0.21701175478226203,0.15232667288801502,0.7190089687297657,0.02605074385665554,0.06397927648797219,27.20007046653397,212.77093521527019
14300.0,8.984954989266807,0.6993006993006994,0.8225470276366232,0.21769862929123068,0.1515466497045256,0.7183344572626296,0.02590632265885115,0.0639669134461398,27.223786220832796,212.27906349958886
14325.0,9.000662952534759,0.6980802792321116,0.8234429627340043,0.21836130048528257,0.15079234945797382,0.7176838162680684,0.02576468780802188,0.063954883246649,27.24652598044972,211.78667872264498
14350.0,9.016370915802707,0.6968641114982578,0.8243107095677127,0.21899955928527567,0.1500634709203141,0.7170572126019198,0.025625819511973208,0.0639432281128045,27.268283489239657,211.2937859967598
14375.0,9.032078879070655,0.6956521739130435,0.8251505762010258,0.2196131998717408,0.14935972481732246,0.7164548094118103,0.02548969898165171,0.06393199071644895,27.289052530181905,210.8003901108344
14400.0,9.047786842338605,0.6944444444444444,0.8259628578594275,0.2202020196623303,0.14868083369585464,0.7158767661388483,0.025356308444717895,0.06392121419882135,27.308826918521078,210.306495534952
14425.0,9.063494805606553,0.6932409012131716,0.8267478370434957,0.22076581929014927,0.14802653179692277,0.7153232385171242,0.025225631159581485,0.06391094219272653,27.32760049504758,209.81210642512812
14450.0,9.079202768874502,0.6920415224913494,0.827505783635351,0.2213044025831071,0.14739656493471442,0.714794378570873,0.025097651429934587,0.06390121884601985,27.345367119515434,209.31722662819737
14475.0,9.09491073214245,0.6908462867012091,0.8282369549984777,0.22181757654441087,0.14679069038168668,0.714290334609167,0.0249723546198356,0.06389208884642217,27.36212066419473,208.821859686833
14500.0,9.1106186954104,0.6896551724137931,0.8289415960707694,0.22230515133435488,0.14620867675985072,0.7138112512179902,0.02484972716937983,0.06388359744765493,27.377855007557592,208.32600884468798
14525.0,9.126326658678348,0.6884681583476765,0.829619939450649,0.22276694025353347,0.1456503039383609,0.7133572692496264,0.024729756610990056,0.06387579049684011,27.392564028095112,207.82967705165456
14550.0,9.142034621946298,0.6872852233676976,0.830272205476107,0.22320275972762424,0.14511536293751892,0.7129285258091863,0.02461243158637405,0.06386871446318942,27.406241598264163,207.332866969234
14575.0,9.157742585214248,0.6861063464837049,0.8308986022965275,0.22361242929388503,0.14460365583929724,0.7125251542381708,0.024497741864175304,0.06386241646794422,27.418881578562463,206.83558097601386
14600.0,9.173450548482196,0.6849315068493151,0.8314993259371593,0.22399577158950465,0.14411499570448535,0.7121472840949874,0.024385678358355395,0.06385694431550792,27.430477811730427,206.33782117324614
14625.0,9.189158511750144,0.6837606837606839,0.8320745603561065,0.22435261234196763,0.14364920649655605,0.7117950411322728,0.024276233147337456,0.06385234652575955,27.441024117079433,205.83958939052488
14650.0,9.204866475018095,0.68259385665529,0.832624477493701,0.22468278036156414,0.14320612301235813,0.7114685472709498,0.024169399493940813,0.06384867236748615,27.450514284944713,205.34088719155793
14675.0,9.220574438286043,0.6814310051107325,0.8331492373141314,0.22498610753622225,0.14278559081972683,0.7111679205709074,0.024065171866141793,0.06384597189287033,27.458942071263422,204.84171588003244
14700.0,9.236282401553991,0.6802721088435375,0.8336489878392088,0.22526242882879316,0.14238746620211326,0.7108932751982086,0.023963545958677918,0.06384429597299823,27.46630119227625,204.34207650557
14725.0,9.25199036482194,0.6791171477079796,0.8341238651741323,0.22551158227696635,0.14201161611033492,0.7106447213887586,0.0238645187155328,0.06384369633427511,27.47258531935361,203.84196986977133
14750.0,9.26769832808989,0.6779661016949152,0.8345739935251363,0.22573340899596075,0.14165791812154227,0.710422365408326,0.023768088353321448,0.06384422559571323,27.477788073945362,203.34139653234885
14775.0,9.283406291357839,0.676818950930626,0.8349994852088857,0.2259277531841662,0.14132626040550764,0.7102263095088608,0.02367425438560669,0.06384593730697308,27.481903022655484,202.8403568173468
14800.0,9.299114254625788,0.6756756756756757,0.8354004406534982,0.22609446213188958,0.14101654169833877,0.7100566518810315,0.023583017648163063,0.06384888598707894,27.484923672441248,202.33885081944703
14825.0,9.314822217893736,0.6745362563237775,0.8357769483910513,0.22623338623338002,0.14072867128372774,0.7099134866029242,0.023494380325220943,0.06385312716369573,27.48684346593846,201.8368784103642
14850.0,9.330530181161686,0.6734006734006733,0.8361290850414489,0.22634437900230073,0.1404625689818391,0.7097969035848302,0.023408345976712014,0.06385871741286908,27.48765577691352,201.33443924532514
14875.0,9.346238144429634,0.6722689075630253,0.8364569152875067,0.2264272970908141,0.14021816514596136,0.7097069885100914,0.023324919566531988,0.0638657143990945,27.487353905843463,200.83153276963995
14900.0,9.361946107697584,0.6711409395973154,0.8367604918411081,0.22648200031246146,0.13999540066702842,0.7096438227719449,0.023244107491863453,0.0638741769155936,27.485931075626056,200.32815822535864
14925.0,9.377654070965532,0.6700167504187605,0.8370398554002936,0.22650835166900685,0.13979422698614832,0.7096074834063264,0.0231659176135581,0.06388416492466675,27.483380427421427,199.82431465802006
14950.0,9.393362034233482,0.6688963210702341,0.837295034597124,0.22650621738142132,0.13961460611525303,0.7095980430206128,0.023090359287623013,0.0638957395979659,27.479695016627442,199.32000092349108
14975.0,9.409069997501431,0.6677796327212019,0.8375260459361592,0.22647546692518744,0.1394565106660169,0.709615569718271,0.02301744339782391,0.06390896335654161,27.474867808991334,198.8152156948989
15000.0,9.42477796076938,0.6666666666666666,0.8377328937233857,0.2264159730701024,0.1393199238871707,0.7096601270193735,0.022947182389443627,0.06392389991052405,27.468891676860274,198.30995746965746
15025.0,9.440485924037327,0.6655574043261232,0.8379155699854265,0.2263276119247572,0.13920483971036957,0.7097317737770231,0.022879590304203945,0.06394061429821962,27.461759395573715,197.80422457658847
15050.0,9.456193887305277,0.6644518272425249,0.8380740543788439,0.22621026298587107,0.13911126280475647,0.7098305640896126,0.022814682816399673,0.06395917292451625,27.4534636400008,197.29801518314133
15075.0,9.471901850573227,0.6633499170812603,0.8382083140893503,0.2260638091926628,0.1390392086403861,0.7099565472089678,0.022752477270263638,0.06397964359836938,27.44399698122647,196.79132730271004
15100.0,9.487609813841175,0.6622516556291391,0.8383183037207259,0.22588813698643587,0.13898870356067838,0.7101097674443789,0.022692992718595706,0.06400209556918524,27.433351883389957,196.28415880205057
15125.0,9.503317777109125,0.6611570247933884,0.8384039651732395,0.2256831363755563,0.13895978486406815,0.7102902640624935,0.022636249962692395,0.06402659956195023,27.421520700679753,195.77650740879812
15150.0,9.519025740377073,0.6600660066006601,0.8384652275113499,0.2254487010059927,0.13895250089503933,0.7104980711831562,0.022582271593610787,0.0640532278108511,27.408495674489117,195.26837071908747
15175.0,9.534733703645022,0.6589785831960461,0.8385020068204561,0.22518472823760752,0.1389669111447311,0.7107332176711536,0.022531082034812855,0.0640820540912389,27.39426893073753,194.75974620527444
15200.0,9.55044166691297,0.6578947368421053,0.8385142060524667,0.2248911192263549,0.13900308636131561,0.7109957270239755,0.02248270758621765,0.06411315374966953,27.37883247736196,194.25063122376017
15225.0,9.56614963018092,0.6568144499178982,0.8385017148599183,0.2245677790125619,0.13906110867035323,0.7112856172555495,0.022437176469728454,0.06414660373188863,27.36217820198378,193.7410230229172
15250.0,9.581857593448868,0.6557377049180328,0.8384644094183977,0.22421461661545888,0.13914107170534049,0.7116029007760685,0.022394518876261787,0.0641824826084727,27.34429786975646,193.23091875111842
15275.0,9.597565556716818,0.6546644844517185,0.8384021522369753,0.22383154513411524,0.1392430807486792,0.7119475842679236,0.022354767014345467,0.06422087059796111,27.325183121399775,192.72031546486377
15300.0,9.613273519984768,0.65359477124183,0.8383147919563672,0.22341848185494023,0.13936725288329735,0.7123196685578266,0.022317955160335495,0.06426184958723313,27.30482547142638,192.20921013700774
15325.0,9.628981483252716,0.6525285481239804,0.838202163134514,0.22297534836589378,0.13951371715516875,0.7127191484851643,0.02228411971031724,0.0643055031489419,27.28321630656681,191.6975996650808
15350.0,9.644689446520664,0.6514657980456027,0.8380640860192673,0.22250207067755776,0.1396826147469775,0.7131460127666873,0.022253299233755214,0.0643519165557549,27.260346884399542,191.18548087970373
15375.0,9.660397409788615,0.6504065040650405,0.8379003663078388,0.22199857935119782,0.13987409916320218,0.7136002438575882,0.022225534528959007,0.06440117679121393,27.23620833219237,190.6728505530892
15400.0,9.676105373056563,0.6493506493506493,0.8377107948926729,0.22146480963394907,0.1400883364268812,0.7140818178090833,0.022200868680445934,0.06445337255696759,27.21079164596217,190.15970540762657
15425.0,9.691813336324511,0.6482982171799028,0.8374951475933751,0.2209007016012436,0.14032550528834728,0.7145907041225505,0.022179347118277654,0.06450859427620581,27.184087689759902,189.64604212454176
15450.0,9.707521299592461,0.6472491909385113,0.8372531848743137,0.22030620030659506,0.1405857974462223,0.7151268656003625,0.022161017679464046,0.06456693409304237,27.15608719518832,189.13185735262564
15475.0,9.72322926286041,0.6462035541195476,0.8369846515475061,0.21968125593883395,0.14086941778097375,0.7156902581935101,0.022145930671520125,0.06462848586765602,27.126780761159285,188.6171477170224
15500.0,9.738937226128359,0.6451612903225806,0.8366892764603777,0.21902582398689607,0.1411765846013474,0.7162808308460984,0.022134138938274872,0.06469334516700553,27.09615885389896,188.1019098280662
15525.0,9.754645189396308,0.644122383252818,0.8363667721679592,0.21833986541222875,0.14150752990399101,0.7168985253368831,0.022125697928049803,0.06476160925088814,27.06421180720784,187.58614029015462
15550.0,9.770353152664256,0.6430868167202572,0.836016834589091,0.2176233468288964,0.14186249964660874,0.7175432761179241,0.022120665764300218,0.06483337705317949,27.030929822984184,187.0698357106468
15575.0,9.786061115932206,0.6420545746388443,0.8356391426461657,0.21687624069142972,0.14224175403497755,0.7182150101505128,0.022119103318856775,0.06490874915805744,26.99630297201846,186.5529927087676
15600.0,9.801769079200154,0.6410256410256411,0.8352333578879426,0.2160985254904607,0.14264556782417792,0.7189136467385088,0.02212107428787946,0.06498782777103052,26.960321195066815,186.03560792450423
15625.0,9.817477042468104,0.64,0.8347991240949373,0.21529018595617286,0.14307423063439717,0.7196390973592197,0.022126645270665546,0.0650707166846074,26.922974304212335,185.51767802747258
15650.0,9.833185005736052,0.6389776357827477,0.8343360668668909,0.21445121326956973,0.14352804728166488,0.7203912654919701,0.022135885851444242,0.06515752123846019,26.884251984521526,184.99919972573335
15675.0,9.848892969004,0.637958532695375,0.8338437931917869,0.21358160528156417,0.14400733812389552,0.7211700464445304,0.022148868684317563,0.06524834827390535,26.84414379600524,184.48016977453267
15700.0,9.864600932271951,0.6369426751592356,0.8333218909959015,0.2126813667398622,0.14451243942261544,0.7219753271775565,0.022165669581483083,0.06534330608258132,26.802639175891844,183.96058498494068
15725.0,9.8803088955399,0.6359300476947536,0.832769928674319,0.2117505095235958,0.14504370372075573,0.7228069861272057,0.02218636760492529,0.0654425043491984,26.75972744122102,183.44044223235866
15750.0,9.896016858807847,0.634920634920635,0.8321874546013781,0.21078905288565708,0.14560150023689636,0.7236648930261095,0.022211045161725534,0.06554605408823344,26.71539779176683,182.91973846485973
15775.0,9.911724822075797,0.6339144215530903,0.8315739966204675,0.20979702370264763,0.14618621527636186,0.7245489087229033,0.02223978810317065,0.06565406757444903,26.669639313298088,182.39847071132976
15800.0,9.927432785343747,0.6329113924050632,0.8309290615125975,0.20877445673234807,0.14679825265954194,0.7254588850004561,0.022272685827860572,0.06576665826719585,26.622440981184234,181.87663608936637
15825.0,9.943140748611695,0.631911532385466,0.8302521344431658,0.20772139487859506,0.14743803416784723,0.7263946643930377,0.022309831388986956,0.06588394072836723,26.57379166435509,181.3542318128929
15850.0,9.958848711879645,0.6309148264984227,0.8295426783863342,0.20663788946341888,0.14810600000767812,0.7273560800026322,0.022351321605987656,0.06600603053394893,26.52368012962185,180.83125519943883
15875.0,9.974556675147593,0.6299212598425197,0.8288001335264111,0.2055240005062909,0.1488026092927932,0.7283429553145558,0.02239725718079566,0.06613304417915322,26.472095046367723,180.30770367703641
15900.0,9.990264638415542,0.6289308176100629,0.828023916635668,0.20437979701028566,0.14952834054545966,0.7293551040126715,0.02244774281887235,0.06626509897704291,26.419024991614762,179.78357479067242
15925.0,10.00597260168349,0.6279434850863422,0.8272134204279888,0.2032053572549731,0.15028369221674728,0.7303923297943715,0.022502887355263873,0.06640231295065535,26.364458455475287,179.25886620823647
15950.0,10.02168056495144,0.6269592476489028,0.8263680128877792,0.20200076909578715,0.15106918322632854,0.7314544261855884,0.022562803885892296,0.06654480471862445,26.30838384699325,178.73357572589472
15975.0,10.037388528219388,0.6259780907668232,0.8254870365735664,0.20076613026963933,0.15188535352211566,0.7325411763560792,0.022627609904317975,0.06669269337428152,26.25078950038301,178.2077012728163
16000.0,10.053096491487338,0.625,0.8245698078957356,0.19950154870648604,0.15273276466006064,0.7336523529352383,0.02269742744420372,0.0668460983582756,26.19166368167073,177.68124091517163
16025.0,10.068804454755288,0.6240249609984398,0.8236156163678778,0.1982071428465601,0.15361200040439896,0.7347877178286887,0.02277238322772321,0.06700513932475116,26.130994595744056,177.15419285931455
16050.0,10.084512418023236,0.6230529595015576,0.8226237238312317,0.19688304196292908,0.15452366734861364,0.735947022035944,0.022852608820154635,0.06716993600112697,26.06877039381452,176.6265554540519
16075.0,10.100220381291184,0.6220839813374807,0.8215933636517709,0.1955293864890312,0.155468395557327,0.7371300054694173,0.022938240790902065,0.06734060804155151,26.00497918129634,176.09832719189936
16100.0,10.115928344559135,0.6211180124223602,0.8205237398894907,0.19414632835081272,0.15644683922931651,0.7383363967750514,0.023029420881192808,0.06751727487413595,25.93960902610489,175.56950670920799
16125.0,10.131636307827083,0.6201550387596899,0.8194140264395229,0.19273403130306024,0.157459677381775,0.7395659131549243,0.023126296178702127,0.06770005554201552,25.872647967377027,175.04009278504168
16150.0,10.147344271095031,0.6191950464396285,0.8182633661447685,0.1912926712694876,0.15850761455589218,0.7408182601920847,0.02322901929933935,0.06788906853842769,25.804084024613292,174.51008433867048
16175.0,10.163052234362981,0.6182380216383307,0.8170708698797873,0.189822436686135,0.15959138154375674,0.7420931316779903,0.023337748576455986,0.06808443163587474,25.733905207242927,173.97948042553918
16200.0,10.17876019763093,0.6172839506172839,0.8158356156057979,0.18832352884757927,0.1607117361365057,0.7433902094428559,0.02345264825769644,0.06828626170956476,25.66209952460897,173.44828023155134
16225.0,10.194468160898879,0.6163328197226502,0.8145566473966978,0.1867961622554447,0.16186946389355705,0.7447091631892977,0.023573888709745194,0.0684946745552576,25.58865499637039,172.91648306550212
16250.0,10.210176124166829,0.6153846153846153,0.8132329744361683,0.18524056496867525,0.1630653789326534,0.7460496503295876,0.023701646631178325,0.06870978470173716,25.513559663316183,172.38408834947404
16275.0,10.225884087434777,0.6144393241167435,0.8118635699860212,0.18365697895500813,0.16430032474032932,0.7474113158269331,0.023836105273649516,0.0689317052180588,25.43680159858497,171.8510956069995
16300.0,10.241592050702724,0.6134969325153374,0.8104473703261028,0.1820456604430263,0.1655751750022896,0.7487937920411567,0.023977454671607584,0.06916054751581702,25.358368919279307,171.31750444876906
16325.0,10.257300013970674,0.6125574272588056,0.8089832736662491,0.18040688027419602,0.1668908344530221,0.750196698579149,0.024125891880728778,0.06939642114665501,25.278249798464675,170.78331455565564
16350.0,10.273007977238624,0.6116207951070336,0.8074701390309491,0.1787409242542153,0.16824823974380712,0.7516196421505635,0.02428162122524377,0.06963943359522118,25.196432477537417,170.24852565879752
16375.0,10.288715940506572,0.6106870229007634,0.8059067851176164,0.17704809350300607,0.16964836032808958,0.7530622164291118,0.024444854554294043,0.06988969006788215,25.112905278944755,169.71313751646457
16400.0,10.30442390377452,0.6097560975609757,0.8042919891295929,0.17532870480263538,0.17109219936296924,0.7545240019199531,0.024615811507437885,0.07014729327741154,25.02765661923538,169.17714988740696
16425.0,10.320131867042472,0.60882800608828,0.8026244855852896,0.17358309094243965,0.17258079462531167,0.7560045658335762,0.024794719789398678,0.07041234322398415,24.940675022416272,168.64056250036353
16450.0,10.33583983031042,0.60790273556231,0.8009029651051781,0.171811601060582,0.17411521944071875,0.757503461966704,0.024981815454103135,0.07068493697271394,24.851949133586277,168.10337501937406
16475.0,10.351547793578368,0.6069802731411229,0.7991260731786965,0.17001460098126703,0.17569658362329565,0.7590202305906132,0.025177343198007796,0.07096516842811973,24.761467732813188,167.56558700451282
16500.0,10.367255756846317,0.6060606060606061,0.797292408913512,0.1681924735467886,0.17732603442379943,0.7605543983474301,0.025381556662688515,0.07125312810578133,24.669219749214882,167.02719786762668
16525.0,10.382963720114267,0.605143721633888,0.7954005237700368,0.16634561894357933,0.17900475748338285,0.7621054781548546,0.02559471874658037,0.07154890290156601,24.575194275200015,166.48820682262513
16550.0,10.398671683382215,0.6042296072507553,0.7934489202845647,0.16447445502140248,0.1807339777897228,0.7636729691198516,0.025817101925712488,0.07185257585874594,24.47938058081739,165.94861282983146
16575.0,10.414379646650165,0.6033182503770739,0.7914360507849437,0.1625794176047842,0.1825149606318536,0.7652563564618093,0.026048988583202676,0.07216422593340643,24.381768128154867,165.40841453385735
16600.0,10.430087609918113,0.6024096385542169,0.7893603161033266,0.16066096079579797,0.1843490125494887,0.7668551114457098,0.026290671347184713,0.07248392775849222,24.282346585722607,164.86761019442397
16625.0,10.445795573186063,0.6015037593984962,0.7872200642911821,0.15871955726724735,0.1862374822720493,0.7684686913258628,0.026542453436768615,0.07281175140688989,24.181105842744813,164.32619760949413
16650.0,10.46150353645401,0.6006006006006006,0.7850135893425408,0.1567556985453113,0.1881817616419644,0.7700965393007242,0.026804649015494758,0.07314776215396446,24.078036023275967,163.78417403003021
16675.0,10.47721149972196,0.5997001499250375,0.7827391299322507,0.15476989528066262,0.19018328651608785,0.7717380844793936,0.027077583551661455,0.07349202023994372,23.97312750004535,163.24153606562868
16700.0,10.492919462989908,0.5988023952095809,0.7803948681769773,0.15276267750708158,0.192243537638291,0.7733927418603352,0.027361594184731663,0.07384458063258315,23.866370907923283,162.69827958021827
16725.0,10.508627426257858,0.5979073243647235,0.7779789284276799,0.15073459488654176,0.19436404147541939,0.7750599123228936,0.02765703009690071,0.07420549279056465,23.75775715688775,162.1543995769353
16750.0,10.524335389525808,0.5970149253731343,0.7754893761034559,0.14868621693975284,0.1965463710078193,0.776738982632207,0.027964252888724783,0.07457480042804021,23.647277444356728,161.6098900712127
16775.0,10.540043352793756,0.5961251862891207,0.7729242165778951,0.14661813326111123,0.19879214646459573,0.7784293254580701,0.028283636957509156,0.07495254128081874,23.534923266734378,161.06474395103155
16800.0,10.555751316061704,0.5952380952380953,0.7702813941304602,0.14453095371700542,0.20110303599257393,0.7801302994083447,0.028615569876965924,0.07533874687464992,23.42068643000162,160.51895282319114
16825.0,10.571459279329655,0.5943536404160474,0.7675587909769651,0.14242530862642214,0.2034807562466486,0.7818412490775143,0.028960452776386286,0.0757334422960636,23.30455905916249,159.9725068443528
16850.0,10.587167242597603,0.5934718100890207,0.7647542263948922,0.1403018489227673,0.20592707288778628,0.7835615051109365,0.02931870071732151,0.07613664596629621,23.18653360633401,159.42539453549898
16875.0,10.602875205865551,0.5925925925925927,0.7618654559611312,0.13816124629582635,0.20844380097340123,0.7852903842854081,0.029690743065467567,0.07654836941876553,23.066602857244263,158.87760257832625
16900.0,10.618583169133501,0.591715976331361,0.7588901709217942,0.13600419331278363,0.21103280522309711,0.7870271896066111,0.03007702385510866,0.07696861708060532,22.944759935875975,158.32911559196248
16925.0,10.634291132401449,0.5908419497784343,0.7558259977159483,0.13383140351721176,0.21369600014091564,0.7887712104239927,0.03047800214313609,0.07739738605879554,22.82099830696276,157.77991588824764
16950.0,10.649999095669399,0.5899705014749262,0.7526704976775905,0.13164361150494142,0.2164353499731951,0.7905217225636711,0.03089415234921436,0.07783466593138744,22.69531177601173,157.22998320366202
16975.0,10.665707058937347,0.5891016200294551,0.7494211669428265,0.1294415729757378,0.21925286847891254,0.7922779884799167,0.031325964578261006,0.07828043854434552,22.567694486490474,156.67929440581108
17000.0,10.681415022205297,0.5882352941176471,0.7460754365921636,0.12722606475969983,0.2221506184869586,0.7940392574257151,0.03177394492087782,0.07873467781458499,22.43814091377407,156.1278231721893
17025.0,10.697122985473245,0.5873715124816447,0.7426306730609791,0.12499788481732331,0.22513071121217582,0.7958047656429992,0.03223861572684511,0.0791973495396775,22.30664585540435,155.57553963873568
17050.0,10.712830948741194,0.5865102639296188,0.7390841788546739,0.1227578522121657,0.22819530529913512,0.7975737365730151,0.032720515846190956,0.07966841121481916,22.173204417161973,155.02241001546994
17075.0,10.728538912009144,0.5856515373352855,0.7354331936088044,0.12050680705508184,0.23134660555952058,0.7993453810873218,0.033220200831674984,0.08014781185759634,22.03781199439756,154.46839616625545
17100.0,10.744246875277092,0.5847953216374269,0.7316748955384846,0.11824561041900727,0.23458686136570245,0.8011188977399073,0.033738243095812914,0.08063549184108543,21.900464248006124,153.9134551494612
17125.0,10.75995483854504,0.5839416058394161,0.7278064033257614,0.11597514422329729,0.23791836465944513,0.802893473040861,0.03427523201479346,0.08113138273584175,21.761157074361073,153.357538716011
17150.0,10.775662801812992,0.5830903790087463,0.7238247784983666,0.11369631108664532,0.24134344753089176,0.8046682817519925,0.034831773970741664,0.0816354071613622,21.619886568448067,152.800592760982
17175.0,10.79137076508094,0.5822416302765647,0.7197270283583009,0.11141003414765444,0.2448644793188205,0.8064424872048539,0.03540849232287857,0.08214747864749161,21.47664897935643,152.2425567245778
17200.0,10.807078728348888,0.5813953488372093,0.7155101095241014,0.10911725685214481,0.2484838631788024,0.8082152416414196,0.03600602729709618,0.08266750150643565,21.33144065719155,151.68336293791538
17225.0,10.822786691616837,0.5805515239477503,0.7111709321564181,0.10681894270633946,0.2522040320612221,0.8099856865778632,0.03662503578235976,0.0831953707157973,21.184257990370256,151.12293590866466
17250.0,10.838494654884787,0.5797101449275361,0.7067063649426154,0.10451607499510326,0.2560274440362115,0.8117529531915978,0.03726619102117307,0.08373097181329892,21.03509733214663,150.56119154112776
17275.0,10.854202618152735,0.5788712011577424,0.7021132409225787,0.10220965646446384,0.25995657689736323,0.8135161627319116,0.037930182180058114,0.08427418080362448,20.883954915090484,149.99803628486998
17300.0,10.869910581420685,0.5780346820809248,0.6973883642446465,0.099900708967679,0.2639939219707244,0.8152744269543566,0.03861771378462914,0.08482486407796441,20.730826752099926,149.43336620548277
17325.0,10.885618544688633,0.5772005772005773,0.6925285179476869,0.09759027307419725,0.26814197704991294,0.8170268485790483,0.03932950500240018,0.08538287834675451,20.57570852237741,148.86706597050284
17350.0,10.901326507956583,0.5763688760806917,0.6875304728725943,0.09527940764088802,0.27240323837250213,0.8187725217729894,0.04006628875490359,0.08594807058612253,20.418595440625985,148.29900774289075
17375.0,10.91703447122453,0.5755395683453237,0.6823909978140227,0.09296918934500874,0.276780191546895,0.8205105326564714,0.040828810639082336,0.0865202779985198,20.25948210753657,147.7290499738178
17400.0,10.93274243449248,0.5747126436781609,0.6771068710307571,0.09066071217842568,0.2812753013330436,0.82223995983355,0.04161782763619931,0.08709932798802433,20.098362339427783,147.15703608579366
17425.0,10.948450397760428,0.5738880918220948,0.6716748932407589,0.08835508690269404,0.285891000174473,0.8239598749465378,0.042434106584768094,0.08768503815076822,19.935228974673027,146.58279303640592
17450.0,10.964158361028378,0.5730659025787965,0.6660919022344288,0.08605344046466046,0.290629675373436,0.8256693432544338,0.043278422392135196,0.08827721628090579,19.77007365429645,146.0061297521149
17475.0,10.979866324296328,0.5722460658082975,0.6603547892469084,0.0837569153723603,0.2954936547955415,0.8273674242350525,0.044151555957550104,0.08887566039258721,19.602886573845886,145.42683542067394
17500.0,10.995574287564276,0.5714285714285714,0.6544605172370199,0.08146666903104077,0.3004851909853435,0.829053172210697,0.04505429177763659,0.08948015875826221,19.433656203346846,144.84467762980236
17525.0,11.011282250832224,0.5706134094151213,0.6484061412265814,0.07918387303924551,0.30560644357002625,0.8307256369970155,0.04598741520339239,0.09009048996373892,19.262368971812773,144.25940033873852
17550.0,11.026990214100174,0.5698005698005698,0.6421888308590268,0.07690971244499153,0.3108594598249684,0.8323838645747105,0.04695170931600484,0.09070642298029796,19.089008912428394,143.67072166824582
17575.0,11.042698177368123,0.5689900426742531,0.6358058953401481,0.07464538496215926,0.3162461532726853,0.8340268977836628,0.04794795138716662,0.09132771725417799,18.913557264132773,143.0783314935217
17600.0,11.058406140636071,0.5681818181818182,0.6292548109260502,0.07239210014731907,0.3217682801859386,0.8356537770389588,0.048976908888011206,0.09195412281372206,18.73599202490944,142.48188882328756
17625.0,11.074114103904021,0.5673758865248226,0.6225332511235737,0.07015107853732558,0.32742741386686364,0.8372635410682778,0.05003933500956265,0.09258538039439657,18.5562874516409,141.8810189471091
17650.0,11.08982206717197,0.56657223796034,0.6156391197660542,0.06792355074811897,0.3332249165773278,0.8388552276699814,0.05113596365661799,0.0932212215818996,18.3744135009059,141.27531033172286
17675.0,11.105530030439919,0.5657708628005658,0.6085705871216683,0.06571075653527297,0.3391619090018546,0.8404278744911956,0.05226750387647705,0.09386136897353137,18.190335204591424,140.66431124582832
17700.0,11.121237993707867,0.5649717514124294,0.6013261291822857,0.06351394381696018,0.34523923713383226,0.8419805198251111,0.05343463368388207,0.09450553635792869,18.00401197366674,140.0475260914647
17725.0,11.136945956975817,0.5641748942172073,0.593904570266744,0.0613343676600904,0.3514574364890323,0.8435122034266476,0.05463799324422364,0.09515342891326206,17.815396822923454,139.4244114187256
17750.0,11.152653920243765,0.5633802816901409,0.5863051290533206,0.05917328923053397,0.3578166935682283,0.8450219673455636,0.05587817737845113,0.09580474342390244,17.624435508946156,138.7943715992074
17775.0,11.168361883511714,0.5625879043600562,0.5785274681306062,0.05703197470841898,0.36431680451380494,0.8465088567759915,0.05715572735558888,0.09645916851558944,17.431065573044545,138.15675413223693
17800.0,11.184069846779664,0.5617977528089887,0.5705717471234928,0.054911694169641735,0.37095713093428295,0.8479719209213736,0.05847112194222426,0.09711638490898467,17.235215280385432,137.51084455661223
17825.0,11.199777810047612,0.5610098176718092,0.5624386794102064,0.052813720434826905,0.3777365529065242,0.849410213873627,0.059824767683269386,0.09777606569154607,17.036802446130544,136.85586093933526
17850.0,11.21548577331556,0.5602240896358543,0.5541295923965657,0.05073932788710936,0.3846534192087786,0.8508227955053609,0.061216988394655725,0.09843787660752978,16.83573313906029,136.19094791163272
17875.0,11.231193736583512,0.5594405594405594,0.5456464912535812,0.04868979126021633,0.39170549488960077,0.8522087323738591,0.06264801385681801,0.09910147636592459,16.63190025299329,135.51517022147124
17900.0,11.24690169985146,0.5586592178770949,0.5369921259534906,0.04666638439845804,0.39888990633852656,0.8535670986355017,0.06411796770798289,0.09976651696604022,16.425181936366556,134.8275057707774
17925.0,11.262609663119408,0.5578800557880056,0.5281700613560364,0.04467037899033559,0.406203084095314,0.8548969769692546,0.06562685454864958,0.10043264404040986,16.21543987071035,134.12683810466
17950.0,11.278317626387357,0.5571030640668524,0.5191847500009503,0.04270304327760887,0.413640703715576,0.8561974595077038,0.06717454628347369,0.10109949721468736,16.002517389551,133.411948319067
17975.0,11.294025589655307,0.5563282336578581,0.5100416071531022,0.04076564074176918,0.4211976251027029,0.8574676487742222,0.06876076774419487,0.10176671048400865,15.786237430648768,132.6815063523915
18000.0,11.309733552923255,0.5555555555555556,0.5007470875237305,0.03885942876996287,0.4288678308187498,0.8587066586246159,0.07038508165751967,0.10243391260542123,15.566400316611281,131.934061625413
18025.0,11.325441516191205,0.5547850208044383,0.4913087629545214,0.03698565730253811,0.4366443640004516,0.8599136151916822,0.072046873045027,0.1031007275057797,15.34278136205372,131.16803299234127
18050.0,11.341149479459153,0.554016620498615,0.48173540020160444,0.03514556746447471,0.44451926663011115,0.8610876578309962,0.07374533316828441,0.10376677470452911,15.115128309887606,130.38169796316203
18075.0,11.356857442727103,0.553250345781466,0.4720370377950129,0.033340390183051745,0.4524835190435633,0.862227940066246,0.07547944316142374,0.10443166975070217,14.883158605372376,129.57318115324964
18100.0,11.37256540599505,0.5524861878453039,0.4622250607778731,0.03157134479421548,0.4605269816969032,0.8633336305323471,0.07724795752522373,0.10509502467343734,14.64655652469623,128.740441909228
18125.0,11.388273369263,0.5517241379310345,0.45231227195104706,0.02983963764017957,0.4686383403579288,0.8644039139145746,0.07904938769102415,0.10575644844524579,14.404970185582583,127.8812610486427
18150.0,11.403981332530948,0.5509641873278237,0.4423129580673399,0.028146460660884155,0.47680505603364753,0.8654379918819142,0.08088198589901252,0.10641554745720172,14.158008481376484,126.99322663270634
18175.0,11.419689295798896,0.5502063273727649,0.43224294923916157,0.02649298998200196,0.4850133210877924,0.8664350840127815,0.0827437296730461,0.10707192600521653,13.905237997968952,126.0737186624874
18200.0,11.435397259066848,0.5494505494505494,0.42211966965120995,0.024880384502259382,0.49324802313672267,0.8673944287113045,0.08463230721206738,0.10772518678643617,13.646179995593684,125.11989254406389
18225.0,11.451105222334796,0.5486968449931413,0.41196217751217085,0.023309784482889492,0.5014927184322724,0.8683152841122428,0.08654510405555671,0.10837493140486776,13.380307565879512,124.12866109940062
18250.0,11.466813185602744,0.5479452054794521,0.4017911920454951,0.021782310142090946,0.5097296165389511,0.8691969289727495,0.08847919141555383,0.10902076088515955,13.107043109515999,123.09667479549897
18275.0,11.482521148870694,0.5471956224350205,0.39162910521833044,0.020299060257406756,0.5179395781823508,0.8700386635490643,0.09043131659931869,0.10966227619352886,12.82575632242013,122.02029970781986
18300.0,11.498229112138644,0.5464480874316939,0.3814999758504051,0.018861110778975766,0.5261021281770687,0.8708398104562689,0.09239789597252612,0.11029907876475531,12.53576292919327,120.89559250049182
18325.0,11.513937075406592,0.5457025920873124,0.37142950374208233,0.017469513456629386,0.5341954853268052,0.8715997155092691,0.09437501093111256,0.11093077103410154,12.236324462471114,119.71827135937295
18350.0,11.529645038674541,0.544959128065395,0.36144498152450083,0.016125294483824888,0.5421966111173407,0.8723177485431595,0.09635840735815837,0.1115569569730156,11.926649455564357,118.48368130187335
18375.0,11.54535300194249,0.54421768707483,0.35157522207563774,0.01482945316141345,0.5500812788860442,0.8729933042111415,0.09834349903831807,0.112177242627445,11.60589649288855,117.18675153162314
18400.0,11.561060965210439,0.5434782608695652,0.34185045957442556,0.013582960584235023,0.5578241649416348,0.873625802758215,0.1003253754839396,0.11279123665754998,11.273179646361319,115.82194139078523
18425.0,11.576768928478387,0.542740841248304,0.33230222258905556,0.012386758353520764,0.5653989628188612,0.8742146907688982,0.10229881459208334,0.113398550877581,10.927576913136173,114.3831698140105
18450.0,11.592476891746337,0.5420054200542005,0.32296317802090724,0.011241757318058078,0.5727785214806357,0.874759441887229,0.10425830049845708,0.11399880079471292,10.568142356149208,112.86372074087969
18475.0,11.608184855014285,0.5412719891745602,0.3138669452543012,0.010148836347039085,0.5799350078242872,0.8752595575074189,0.10619804692141155,0.11459160614554198,10.193922728033703,111.25611328858697
18500.0,11.623892818282235,0.5405405405405406,0.3050478804920969,0.009108841137469258,0.5868400933118237,0.8757145674335158,0.1081120261960794,0.11517659142901493,9.803979424621273,109.5519199782551
18525.0,11.639600781550184,0.5398110661268556,0.29654083198039416,0.008122583058959939,0.5934651639338686,0.8761240305065247,0.10999400408573723,0.11575338643451538,9.397416662029183,107.74150790748192
18550.0,11.655308744818132,0.5390835579514824,0.2883808676285967,0.00719083803865887,0.5997815520456882,0.8764875351974951,0.11183758032571511,0.11632162676384605,8.973416803707229,105.81366475419227
18575.0,11.67101670808608,0.5383580080753702,0.2806029773941245,0.006314345489000338,0.6057607878987525,0.8768047001651545,0.11363623470712292,0.11688095434584511,8.531283800041534,103.75505097850078
18600.0,11.686724671354032,0.5376344086021505,0.27324175369794645,0.005493807280873531,0.6113748679551958,0.8770751747767105,0.11538337834685775,0.11743101794241595,8.070495797756298,101.54938649850229
18625.0,11.70243263462198,0.5369127516778524,0.26633105403582347,0.004729886764709477,0.6165965363425153,0.8772986395905927,0.11707240962166121,0.11797147364469784,7.590768254138571,99.17622536169995
18650.0,11.718140597889928,0.5361930294906166,0.25990365081396616,0.0040232078418800995,0.6213995751127741,0.8774748067999025,0.11869677407325974,0.11850198535821732,7.09212961383227,96.60907866664223
18675.0,11.733848561157878,0.535475234270415,0.25399087422660643,0.0033743540886992883,0.6257590983476865,0.8776034206354992,0.12025002742570712,0.11902222527580153,6.57501330671618,93.81248194335433
18700.0,11.749556524425827,0.53475935828877,0.24862225466478258,0.0027838679351818506,0.6296518446326456,0.8776842577277173,0.12172590070257183,0.11953187433710089,6.040373593500943,90.73730449054726
18725.0,11.765264487693775,0.5340453938584779,0.24382517166015183,0.002252249900594586,0.633056462041719,0.87771712742577,0.12311836629812922,0.1200306226736354,5.489840909651587,87.31303406623508
18750.0,11.780972450961723,0.5333333333333333,0.2396245166873744,0.0017799578876893536,0.6359537795615638,0.877701872074096,0.12442170375106176,0.12051817003821463,4.925949864479907,83.43466541998635
18775.0,11.796680414229673,0.5326231691078562,0.2360423772430942,0.0013674065373676175,0.6383270588586821,0.8776383672448568,0.1256305638982237,0.12099422621777556,4.352511583016986,78.93958542681328
18800.0,11.812388377497621,0.5319148936170214,0.23309774946662978,0.0010149666453686504,0.6401622204779678,0.8775265219260748,0.12674003005540246,0.12145851142855657,3.7752900270585616,73.5652438854649
18825.0,11.82809634076557,0.5312084993359893,0.2308062861567165,0.0007229646424178725,0.6414480389571389,0.8773662786648416,0.12774567488614463,0.12191075669274054,3.203350837389369,66.8692183579286
18850.0,11.84380430403352,0.5305039787798408,0.22918008637196238,0.0004916821391065856,0.6421763019476497,0.8771576136652689,0.12864361168038785,0.12235070419562455,2.651954811901456,58.07883371554088
18875.0,11.859512267301469,0.5298013245033113,0.2282275318957155,0.00032135553660522776,0.6423419292324193,0.8769005368408818,0.12943053887186518,0.12277810762251307,2.1489573549834136,45.846518942993825
18900.0,11.875220230569417,0.5291005291005292,0.2279531747278781,0.00021217570413886624,0.6419430484980225,0.8765950918213248,0.13010377677409934,0.12319273247453633,1.7474829422213796,28.156070639073647
18925.0,11.890928193837368,0.5284015852047556,0.22835767847807656,0.00016428772397648732,0.6409810258174191,0.8762413559133169,0.13066129570450435,0.12359435636270666,1.536431715213949,3.9379265509505434
18950.0,11.906636157105316,0.5277044854881267,0.22943781512785746,0.00017779070450660365,0.6394604499851211,0.8758394400159162,0.13110173488702148,0.12398276927957719,1.5945293532801772,337.543418712703
18975.0,11.922344120373264,0.5270092226613966,0.23118651716286806,0.00025273766178866337,0.6373890710699769,0.8753894884903101,0.13142441176715502,0.12435777384790125,1.893730518084478,316.10091677517715
19000.0,11.938052083641214,0.5263157894736842,0.23359298361131828,0.00038913546978796366,0.6347776947599932,0.8748916789844414,0.13162932162868846,0.12471918554577066,2.3372338061848374,301.12138552693585
19025.0,11.953760046909164,0.5256241787122208,0.23664283712454456,0.0005869448793168258,0.6316400352173143,0.8743462222127932,0.13171712765814114,0.1250668329078899,2.8511228784298046,290.6872862028326
19050.0,11.969468010177112,0.5249343832020997,0.24031832795688432,0.0008460806055220451,0.6279925301931529,0.8737533616919687,0.13168914184996272,0.12540055770250924,3.395675356224167,283.03775605324705
19075.0,11.985175973445061,0.5242463958060288,0.24459857959594755,0.00116641148357606,0.6238541230310821,0.8731133734326134,0.13154729737297033,0.12572021508381048,3.9503233528408126,277.10850346853687
19100.0,12.00088393671301,0.5235602094240838,0.2494598699005562,0.0015477606920476956,0.6192460168820456,0.8724265655884563,0.13129411321739815,0.12602567371949602,4.503792910992287,272.2935058741389
19125.0,12.01659189998096,0.5228758169934641,0.2548759409499665,0.001989906043251162,0.6141914069445416,0.8716932780632743,0.13093265210549188,0.12631681589347454,5.049496465287573,268.2396836454646
19150.0,12.032299863248907,0.5221932114882507,0.2608183304086605,0.002492580339694823,0.6087151968195629,0.8709138820767617,0.1304664727717767,0.12659353758354353,5.583420951285176,264.7324023816437
19175.0,12.048007826516857,0.5215123859191656,0.26725671706699256,0.003055471795583162,0.6028437051333605,0.8700887796903098,0.1298995777996469,0.12685574851410697,6.103100811787468,261.635222699654
19200.0,12.063715789784805,0.5208333333333334,0.27415927331755235,0.0036782245221535963,0.5966043684442579,0.8692184032938304,0.12923635823818969,0.12710337218401602,6.6070753530276125,258.8576571108412
19225.0,12.079423753052755,0.5201560468140443,0.2814930176479874,0.004360439075474243,0.5900254461328505,0.868303215054839,0.12848153621916214,0.12733634586968678,7.094574878342673,256.3372900190333
19250.0,12.095131716320704,0.5194805194805194,0.2892241607419721,0.005101673065166918,0.5831357325056381,0.867343706331135,0.1276401067523898,0.12755462060369804,7.5653223676462185,254.0294755279432
19275.0,12.110839679588652,0.5188067444876784,0.29731843944425795,0.005901441822374598,0.5759642807522644,0.8663403970483868,0.1267172798034777,0.12775816112923855,8.019398074421977,251.90118415048786
19300.0,12.1265476428566,0.5181347150259068,0.30574143362287065,0.0067592191251493045,0.5685401427203782,0.8652938350441505,0.12571842365675112,0.1279469458307002,8.457141358671118,249.92720724529175
19325.0,12.142255606124552,0.5174644243208278,0.3144588618106137,0.007674437979298279,0.5608921277440385,0.8642045953798132,0.12464901044534782,0.12812096664088857,8.87907655380696,248.08774827219918
19350.0,12.1579635693925,0.5167958656330749,0.3234368523899041,0.008646491452604554,0.5530485830141066,0.8630732796220568,0.1235145645959893,0.12828022892533864,9.28585564894155,246.36685527514825
19375.0,12.173671532660448,0.5161290322580645,0.33264218796354605,0.009674733560215093,0.5450371972417186,0.8619005150954581,0.12232061479473533,0.12842475134432685,9.678213526192113,244.75137761956307
19400.0,12.189379495928398,0.5154639175257731,0.3420425213986163,0.010758480198882012,0.5368848286636899,0.8606869541080043,0.12107264993769384,0.12855456569311363,10.056933004022978,243.23025723041343
19425.0,12.205087459196346,0.5148005148005148,0.35160656281579156,0.011897010127639622,0.5286173577916189,0.8594332731511691,0.1197760793925895,0.1286697167211912,10.42281774541048,241.79403768263714
19450.0,12.220795422464295,0.5141388174807198,0.36130423750336754,0.01308956599241234,0.5202595647294156,0.8581401720764016,0.11843619776721692,0.12877026193118613,10.776671551917577,240.4345177513636
19475.0,12.236503385732243,0.5134788189987164,0.37110681535067924,0.014335355391960373,0.5118350303867439,0.8568083732498438,0.11705815426257682,0.12885627135819577,11.119282855995499,239.14450230307148
19500.0,12.252211349000193,0.5128205128205128,0.3809870129127878,0.01563355198250706,0.503366060503175,0.855438620687072,0.11564692658403719,0.12892782733042096,11.45141342870236,237.9176197427448
19525.0,12.267919312268141,0.5121638924455826,0.3909190696346192,0.01698329661831655,0.4948736310708539,0.8540316791698145,0.11420729929452689,0.12898502421186897,11.773790479026134,236.74818559611825
19550.0,12.283627275536091,0.5115089514066496,0.40087880008089716,0.01838369852545385,0.4863773534988937,0.8525883333464416,0.11274384642020913,0.12902796812810458,12.087101452971238,235.63109850017113
19575.0,12.29933523880404,0.5108556832694764,0.41084362424329496,0.019833836505902647,0.4778954576958267,0.851109386818204,0.1112609180608784,0.12905677667589333,12.391990953976714,234.56175926596313
19600.0,12.315043202071989,0.5102040816326531,0.42079257813677323,0.0213327601691931,0.46944479114916865,0.8495956612130491,0.10976263071405817,0.12907157861775787,12.689059304858215,233.53600659673492
19625.0,12.330751165339937,0.5095541401273886,0.4307063069626494,0.0228794911886672,0.4610408320453331,0.8480479952489656,0.10825286099201759,0.12907251356236726,12.97886235709233,232.55006500697755
19650.0,12.346459128607888,0.5089058524173028,0.4405670431172925,0.024473024579493474,0.45269771448921536,0.8464672437887074,0.10673524239349208,0.12905973163179907,13.261912227004155,231.60050182133995
19675.0,12.362167091875836,0.5082592121982211,0.45035857127357215,0.026112329995541528,0.4444282639414433,0.8448542768878062,0.10521316478498455,0.1290333931166523,13.538678701237387,230.6841910457291
19700.0,12.377875055143784,0.5076142131979696,0.4600661826680561,0.027796353042239715,0.4362440410832857,0.843209978837682,0.10368977624865822,0.1289936681200783,13.809591106774025,229.7982825338024
19725.0,12.393583018411734,0.5069708491761724,0.4696766206004532,0.029524016602545312,0.4281553924363641,0.8415352472057333,0.10216798696318269,0.12894073619172142,14.075040484781145,228.94017531082696
19750.0,12.409290981679684,0.5063291139240506,0.4791780190023829,0.03129422217317909,0.42017150619852445,0.8398309918741743,0.10065047479909267,0.12887478595264656,14.335381943780874,228.10749422410134
19775.0,12.424998944947632,0.5056890012642226,0.48855983576846507,0.033105851208330685,0.41230047190196856,0.8380981340794131,0.09913969232956638,0.1287960147122562,14.590937097133484,227.29806930565022
19800.0,12.440706908215581,0.505050505050505,0.49781278237051135,0.0349577664680496,0.4045493426494628,0.836337605453663,0.0976378749800258,0.12870462807828742,14.841996513586714,226.50991738654457
19825.0,12.45641487148353,0.5044136191677175,0.5069287511018452,0.03684881336861588,0.39692419883400404,0.8345503470705241,0.09614705006415075,0.12860083956086,15.08882212861558,225.74122561193678
19850.0,12.47212283475148,0.5037783375314862,0.5159007411275289,0.038777821332224426,0.3894302123933477,0.8327373084961261,0.09466904647912339,0.12848487017164945,15.33164957925945,224.990336584946
19875.0,12.487830798019427,0.5031446540880503,0.5247227843515814,0.0407436051333823,0.3820717107902144,0.8308994468474583,0.09320550485820422,0.12835694801915942,15.570690436882952,224.2557349249297
19900.0,12.503538761287377,0.5025125628140703,0.5333898719568447,0.042744966239497195,0.3748522400396758,0.8290377258593942,0.09175788800347945,0.12821730790110863,15.806134321352614,223.5360350677868
19925.0,12.519246724555325,0.5018820577164367,0.5418978823286293,0.04478069414320191,0.3677746262259332,0.8271531149619027,0.09032749144543745,0.12806619089489535,16.038150887048744,222.8299701672042
19950.0,12.534954687823275,0.5012531328320802,0.5502435109411782,0.04684956768404839,0.36084103506040205,0.825246588368864,0.08891545399841977,0.12790384394708765,16.26689167635278,222.13638197926426
19975.0,12.550662651091224,0.5006257822277846,0.5584242026666449,0.048950356357287596,0.35405302913150133,0.8233191241798266,0.08752276820185373,0.12773051946288583,16.492491840119236,221.45421163078294
20000.0,12.566370614359172,0.5,0.5664380868600262,0.051081821607546846,0.3474116225837566,0.8213717034960155,0.08615029055621726,0.12754647489643767,16.715071727446816,220.78249118568664
20025.0,12.58207857762712,0.49937578027465673,0.5742839154799144,0.05324271810531553,0.3409173330400792,0.8194053095517957,0.08479875148000637,0.12735197234288875,16.934738349041986,220.1203359347519
20050.0,12.59778654089507,0.49875311720698257,0.5819610044236354,0.055431795004239746,0.3345702306470089,0.8174209268627601,0.08346876492935568,0.12714727813300009,17.15158671980425,219.46693734290702
20075.0,12.613494504163018,0.4981320049813201,0.5894691781855407,0.05764779717733472,0.32836998417875934,0.8154195403914991,0.08216083763569998,0.1269326624311662,17.36570108711181,218.82155659557972
20100.0,12.629202467430966,0.49751243781094534,0.5968087178881776,0.059889466430343395,0.32231590418310524,0.813402134732092,0.08087537792871718,0.12670839883756457,17.5771560517657,218.1835186916568
20125.0,12.644910430698918,0.4968944099378882,0.6039803126865932,0.06215554269054691,0.3164069831912016,0.8113696933142424,0.07961270412220517,0.12647476399521074,17.786017588749406,217.55220703580756
20150.0,12.660618393966868,0.4962779156327543,0.6109850145055571,0.06444476516947326,0.3106419330450985,0.8093231976279224,0.0783730524493444,0.12623203720260434,17.992343974963767,216.9270584873844
20175.0,12.676326357234815,0.4956629491945477,0.6178241960367173,0.06675587349804311,0.30501921942203564,0.807263626469331,0.07715658454124702,0.12598050003262584,18.19618663094896,216.30755882703005
20200.0,12.692034320502763,0.4950495049504951,0.6244995118968807,0.06908760883281058,0.2995370936541486,0.8051919552088769,0.07596339444897071,0.1257204359583125,18.397590883359154,215.6932386055752
20225.0,12.707742283770713,0.49443757725587145,0.6310128628288088,0.07143871493206236,0.29419362195696275,0.8031091550818434,0.0747935152142285,0.12545212998609423,18.59659665464029,215.08366934291004
20250.0,12.723450247038661,0.4938271604938272,0.6373663628113309,0.07380793920065984,0.2889867121904397,0.8010161925023123,0.07364692499822945,0.12517586829702787,18.79323908600601,214.4784600472815
20275.0,12.739158210306611,0.4932182490752158,0.6435623089353977,0.07619403370261309,0.28391413828332573,0.79891402840084,0.07252355278127659,0.12489193789654685,18.987549099427305,213.87725402799282
20300.0,12.754866173574559,0.4926108374384237,0.6496031538962683,0.07859575614048588,0.2789735624553904,0.7968036175863416,0.07142328364834127,0.12460062627317259,19.17955390396454,213.27972597676282
20325.0,12.77057413684251,0.49200492004920043,0.6554914809487516,0.08101187080084721,0.2741625553736002,0.7946859081325434,0.07034596367764817,0.12430222106660949,19.369277451386115,212.68557929508637
20350.0,12.786282100110459,0.49140049140049136,0.6612299811716433,0.08344114946507937,0.26947861437768716,0.7925618407892884,0.0692914044506695,0.12399700974563221,19.556740845641507,212.094543646845
20375.0,12.801990063378408,0.4907975460122699,0.6668214328889279,0.08588237228497711,0.2649191799083297,0.7904323484189674,0.06825938720274238,0.12368527929605555,19.741962710396948,211.50637271715252
20400.0,12.817698026646356,0.49019607843137253,0.6722686830982568,0.08833432862265023,0.2604816502677132,0.7882983554582029,0.06724966663402998,0.12336731591914685,19.924959518496713,210.9208421600271
20425.0,12.833405989914304,0.4895960832313342,0.6775746307616075,0.09079581785437361,0.25616339483774064,0.7861607774049264,0.06626197440065185,0.12304340474069997,20.10574588689205,210.33774771893397
20450.0,12.849113953182254,0.4889975550122249,0.68274221181827,0.09326565013809654,0.2519617658760182,0.7840205203308768,0.0652960223057118,0.12271382953102672,20.284334840274656,209.7569035055954
20475.0,12.864821916450202,0.48840048840048844,0.6877743857863489,0.09574264714443576,0.24787410900402115,0.7818784804195423,0.06435150520962998,0.12237887243602186,20.460738046371418,209.17814042369113
20500.0,12.88052987971815,0.48780487804878053,0.6926741238255174,0.09822564275107129,0.24389777249581937,0.7797355435294224,0.06342810367866322,0.12203881371950631,20.634966025596224,208.60130472520146
20525.0,12.896237842986102,0.48721071863580995,0.6974443981405177,0.10071348370053483,0.24003011546958372,0.7775925847825701,0.06252548638989855,0.12169393151689512,20.807028337513092,208.02625668818558
20550.0,12.911945806254051,0.48661800486618,0.7020881726119584,0.10320503022148164,0.23626851507775679,0.7754504681781762,0.061643312310284776,0.12134450160034216,20.97693374634405,207.4528694057329
20575.0,12.927653769522,0.48602673147023084,0.7066083945479225,0.10569915661361332,0.23261037278560515,0.7733100462310168,0.060781232666472396,0.12099079715536987,21.14469036755253,206.88102767669847
20600.0,12.943361732789947,0.4854368932038835,0.7110079874569034,0.10819475179649095,0.22905311982168816,0.7711721596344899,0.05993889272140843,0.12063308856901911,21.310305797345936,206.3106269896298
20625.0,12.959069696057897,0.4848484848484848,0.7152898447493367,0.11069071982255727,0.22559422187787254,0.7690376369479408,0.05911593337279081,0.1202716432295019,21.47378722677253,205.74157259202562
20650.0,12.974777659325845,0.48426150121065376,0.7194568242816711,0.11318598035475394,0.22223118313073645,0.7669072943079065,0.058311992587592426,0.11990672533733959,21.635141541931883,205.17377863773194
20675.0,12.990485622593793,0.48367593712212825,0.7235117436632251,0.11567946910918381,0.21896154965072734,0.7647819351629355,0.057526706686047535,0.11953859572788073,21.794375411677372,204.60716740589817
20700.0,13.006193585861743,0.48309178743961356,0.7274573762521911,0.11817013826333132,0.21578291226021803,0.7626623500315283,0.056759711487590875,0.1191675117051404,21.951495364060694,204.0416685854728
20725.0,13.02190154912969,0.48250904704463216,0.7312964477729079,0.12065695683040853,0.2126929088966193,0.7605493162827506,0.05601064333047279,0.11879372688684087,22.106507852651234,203.47721861973326
20750.0,13.037609512397642,0.48192771084337344,0.735031633492,0.1231389110004559,0.209689226532083,0.7584435979390481,0.05527913997591705,0.11841749106049593,22.25941931375773,202.91376010581303
20775.0,13.05331747566559,0.48134777376654636,0.738665555896115,0.12561500444885473,0.20676960269693845,0.7563459455007469,0.05456484140694651,0.11803905005039839,22.410236215481316,202.3512412446178
20800.0,13.06902543893354,0.4807692307692307,0.7422007828188182,0.12808425861298403,0.20393182664990978,0.754257095791698,0.05386739053127204,0.11765864559531802,22.558965099444272,201.78961533691523
20825.0,13.084733402201488,0.4801920768307323,0.7456398259687013,0.13054571293776462,0.20117374023438464,0.7521777718255102,0.053186433796914095,0.11727651523672522,22.705612615956408,201.22884032174247
20850.0,13.100441365469438,0.4796163069544364,0.74898513981498,0.13299842509089624,0.1984932384564357,0.750108682691791,0.05252162172858424,0.1168928922173128,22.850185553311192,200.66887835359984
20875.0,13.116149328737386,0.47904191616766467,0.7522391207907102,0.1354414711486024,0.1958882698170672,0.7480505234618113,0.0518726093922226,0.11650800538958628,22.992690861836508,200.10969541520535
20900.0,13.131857292005334,0.47846889952153115,0.7554041067774077,0.13787394575275325,0.19335683642809312,0.746003975112958,0.05123905679449922,0.11612207913428874,23.133135673267144,199.55126096285005
20925.0,13.147565255273284,0.4778972520908005,0.7584823768381538,0.14029496224023486,0.1908969939383072,0.7439697044713682,0.05062062922353902,0.11573533328839691,23.27152731595071,198.99354760165312
20950.0,13.163273218541235,0.47732696897374693,0.7614761511693606,0.14270365274547975,0.1885068512940243,0.7419483641720975,0.050016997536615065,0.11534798308242278,23.40787332635123,198.436530788238
20975.0,13.178981181809183,0.47675804529201427,0.7643875912441986,0.1450991682770768,0.18618457035572916,0.7399405926361872,0.0494278384000722,0.11496023908673603,23.542181457269365,197.88018855856325
21000.0,13.194689145077131,0.47619047619047616,0.7672188001232731,0.14748067876940443,0.18392836539041502,0.737947014063964,0.048852834486311836,0.11457230716663158,23.674459683158833,197.32450127883132
21025.0,13.21039710834508,0.47562425683709864,0.7699718229105331,0.14984737311022714,0.18173650245723535,0.7359682384439318,0.048291674632231524,0.11418438844584111,23.804716202880886,196.76945141757554
21050.0,13.226105071613029,0.4750593824228029,0.7726486473345602,0.15219845914522984,0.1796072987022765,0.734004861576563,0.04774405396316331,0.11379667927820714,23.932959440207497,196.21502333718158
21075.0,13.241813034880977,0.4744958481613286,0.7752512044373921,0.15453316366045056,0.17753912157664498,0.7320574651123798,0.047209673985962874,0.11340937122716965,24.059198042352318,195.66120310324774
21100.0,13.257520998148927,0.47393364928909953,0.7777813693548372,0.1568507323435775,0.17553038799054974,0.7301266166035919,0.04668824265461305,0.1130226510528306,24.18344087678166,195.10797831032414
21125.0,13.273228961416875,0.4733727810650888,0.7802409621739042,0.15915042972508817,0.17357956341472117,0.7282128695687033,0.04617947441137468,0.11263670070620846,24.305697026533416,194.55533792268733
21150.0,13.288936924684826,0.47281323877068554,0.782631748854468,0.16143153910019975,0.17168516093927075,0.7263167635693785,0.045683090206261295,0.11225169733042184,24.425975784249335,194.00327212892347
21175.0,13.304644887952774,0.47225501770956313,0.784955442203678,0.1636933624325961,0.16984574029897387,0.7244388242989237,0.045198817497348165,0.11186781326848017,24.544286645105327,193.4517722091935
21200.0,13.320352851220724,0.4716981132075471,0.7872137028928383,0.16593522024089077,0.16805990687296107,0.7225795636817645,0.04472639023420061,0.11148521607734474,24.660639298806387,192.90083041414542
21225.0,13.336060814488672,0.4711425206124853,0.7894081405076313,0.16815645146877622,0.1663263106658887,0.720739479983243,0.04426554882647998,0.11110406854798083,24.77504362079555,192.35043985452864
21250.0,13.351768777756622,0.47058823529411764,0.7915403146235772,0.1703564133398119,0.1646436452768094,0.7189190579291203,0.043816040099613374,0.11072452873106786,24.88750966281216,191.80059440063798
21275.0,13.36747674102457,0.4700352526439483,0.7936117358995349,0.17253448119776413,0.16301064686126218,0.7171187688341681,0.04337761723920289,0.1103467499680677,24.99804764291897,191.25128859079123
21300.0,13.383184704292518,0.46948356807511743,0.7956238671828988,0.17469004833343346,0.1614260930913841,0.715339070739209,0.04295003972571712,0.10997088092735752,25.106667935107428,190.70251754810687
21325.0,13.398892667560467,0.46893317702227433,0.7975781246208825,0.17682252579885988,0.15988880211828588,0.713580408556039,0.04253307326083161,0.10959706564510119,25.213381058577244,190.1542769049099
21350.0,13.414600630828415,0.468384074941452,0.7994758787729789,0.1789313422097925,0.15839763154035388,0.711843214219616,0.04212648968666724,0.1092254435705915,25.31819766677669,189.60656273414875
21375.0,13.430308594096367,0.4678362573099415,0.8013184557202868,0.18101594353730296,0.15695147738067405,0.7101279068469437,0.04173006689903913,0.1088561496157533,25.421128536281362,189.05937148725474
21400.0,13.446016557364315,0.4672897196261682,0.8031071381679347,0.18307579288938244,0.15554927307634006,0.7084348929020872,0.041343588755725275,0.10848931420853036,25.522184555579685,188.51269993792488
21425.0,13.461724520632265,0.4667444574095682,0.8048431665373491,0.18511037028335198,0.1541899884819981,0.7067645663667693,0.04096684498065278,0.1081250633498787,25.621376713825796,187.9665451313483
21450.0,13.477432483900213,0.4662004662004662,0.8065277400455407,0.18711917240990933,0.1528726288896536,0.705117308916012,0.04059963106480566,0.10776351867407874,25.71871608961469,187.42090433843723
21475.0,13.49314044716816,0.4656577415599535,0.8081620177689823,0.18910171238958481,0.15159623406643669,0.7034934900982871,0.04024174816458098,0.10740479751212806,25.81421383982638,186.87577501465796
21500.0,13.50884841043611,0.46511627906976744,0.8097471196900117,0.1910575195223933,0.1503598773117503,0.7018934675196912,0.03989300299823803,0.10704901295791547,25.907881188582053,186.3311547630898
21525.0,13.524556373704058,0.4645760743321719,0.8112841277240078,0.19298613903140338,0.1491626645349893,0.7003175870316292,0.03955320774100288,0.10669627393696746,25.999729416347744,185.78704130137206
21550.0,13.540264336972006,0.4640371229698377,0.8127740867258618,0.19488713180097172,0.14800373335477723,0.6987661829215385,0.039222179919360944,0.1063466852774898,26.089769849219184,185.24343243222273
21575.0,13.555972300239958,0.4634994206257242,0.8142180054745395,0.19676007411032678,0.14688225222049497,0.6972395781061963,0.03889974230496554,0.10600034778347689,26.17801384841463,184.7003260172419
21600.0,13.571680263507908,0.4629629629629629,0.815616857634725,0.19860455736317395,0.1457974195566919,0.6957380843271528,0.03858572280858308,0.10565735830967327,26.264472799999847,184.15771995373444
21625.0,13.587388226775856,0.4624277456647399,0.8169715826947698,0.2004201878139988,0.1447484629308194,0.6942620023478653,0.03827995437441084,0.10531780983813588,26.349158104866977,183.61561215430464
21650.0,13.603096190043804,0.4618937644341802,0.8182830868802989,0.2022065862916626,0.14373463824460075,0.6928116221521206,0.03798227487510031,0.10498179155621679,26.43208116898319,183.07400052900257
21675.0,13.618804153311753,0.461361014994233,0.8195522440430392,0.20396338792093244,0.14275522894922535,0.6913872231433222,0.03769252700773548,0.10464938893574538,26.513253393925734,182.53288296981177
21700.0,13.634512116579701,0.4608294930875576,0.8207798965245167,0.20569024184249132,0.141809545284467,0.689989074344312,0.03741055819101635,0.1043206838131967,26.592686167713815,181.99225733729068
21725.0,13.650220079847651,0.46029919447640966,0.821966855994424,0.20738681093201933,0.14089692354171648,0.6886174345972851,0.03713622046385953,0.10399575447069553,26.6703908559491,181.4521214491903
21750.0,13.6659280431156,0.4597701149425288,0.8231139042635544,0.2090527715188588,0.14001672535086696,0.6872725527635019,0.03686937038557869,0.10367467571763933,26.746378793271685,180.91247307088975
21775.0,13.68163600638355,0.45924225028702637,0.8242217940712796,0.2106878131047826,0.1391683369909057,0.6859546679224392,0.036609868937814705,0.10335751897277823,26.82066127513816,180.37330990749948
21800.0,13.697343969651499,0.4587155963302752,0.8252912498476433,0.21229163808335555,0.13835116872401867,0.6846640095700388,0.036357581428337976,0.1030443523466057,26.8932495499266,179.83462959749778
21825.0,13.713051932919448,0.4581901489117983,0.8263229684502,0.2138639614603542,0.137564654152965,0.6834007978157762,0.036112377396834955,0.10273524072386964,26.96415481137152,179.29642970777346
21850.0,13.728759896187396,0.45766590389016015,0.8273176198757906,0.21540451057568552,0.1368082496014363,0.6821652435782376,0.035874130522773134,0.10243024584607685,27.03338819133072,178.7587077299611
21875.0,13.744467859455344,0.4571428571428572,0.8282758479474911,0.21691302482723213,0.1360814335170828,0.6809575487789177,0.03564271853542611,0.10212942639385014,27.10096075288511,178.22146107796203
21900.0,13.760175822723294,0.45662100456621,0.8291982709770289,0.21838925539702123,0.13538370589686666,0.6797779065339877,0.035418023126104425,0.10183283806899102,27.166883483771304,177.68468708655342
21925.0,13.775883785991242,0.45610034207525657,0.8300854824029635,0.21983296498009616,0.13471458773436853,0.6786265013437774,0.03519992986266793,0.10154053367612637,27.231167290145923,177.14838301099664
21950.0,13.79159174925919,0.4555808656036447,0.8309380514049979,0.22124392751645286,0.13407362048867114,0.677503509279721,0.034988328106330985,0.10125256320382614,27.293822990680255,176.61254602756216
21975.0,13.80729971252714,0.45506257110352677,0.8317565234947727,0.22262192792637556,0.13346036557441332,0.6764090981685477,0.03478311093081399,0.10096897390507675,27.35486131098255,176.07717323489473
22000.0,13.823007675795091,0.4545454545454545,0.8325414210835425,0.2239667618494995,0.13287440387261854,0.6753434277735028,0.03458417504383901,0.10068981037699776,27.414292878345634,175.54226165615057
22025.0,13.83871563906304,0.4540295119182747,0.8332932440271245,0.22527823538788608,0.1323153352618823,0.6743066499724156,0.03439142071099324,0.10041511463969832,27.472128216815747,175.00780824184235
22050.0,13.854423602330987,0.45351473922902497,0.8340124701485386,0.22655616485340968,0.1317827781694927,0.6732989089323659,0.03420475168196868,0.10014492621422444,27.528377742579842,174.47380987333182
22075.0,13.870131565598937,0.45300113250283125,0.8346995557387497,0.22780037651971102,0.1312763691420855,0.6723203412808556,0.03402407511916486,0.09987928219943343,27.583051759666827,173.94026336691863
22100.0,13.885839528866885,0.45248868778280543,0.8353549360359359,0.22901070637895962,0.13079576243540444,0.6713710762732475,0.03384930152865964,0.09961821734779286,27.636160455958372,173.4071654784758
22125.0,13.901547492134833,0.45197740112994356,0.8359790256837067,0.230186999903661,0.13034062962276155,0.6704512359563485,0.033680344693531705,0.09936176413999054,27.68771389950516,172.87451290858402
22150.0,13.917255455402783,0.45146726862302483,0.8365722191686863,0.23132911181372723,0.12991065922179074,0.6695609353279951,0.03351712160952297,0.09910995285827762,27.737722035144206,172.34230230812668
22175.0,13.932963418670731,0.4509582863585119,0.837134891237882,0.23243690584899118,0.12950555633909416,0.668700282492484,0.03335955242302385,0.09886281165852473,27.78619468141192,171.81053028430608
22200.0,13.948671381938683,0.4504504504504504,0.8376673972962506,0.2335102545473665,0.12912504233238994,0.6678693788117384,0.03320756037135944,0.09862036664089513,27.83314152774895,171.27919340704617
22225.0,13.96437934520663,0.4499437570303712,0.8381700737848677,0.23454903902880556,0.12876885448977857,0.667068319052106,0.03306107172535369,0.09838264191908852,27.878572131991547,170.7482882157504
22250.0,13.98008730847458,0.449438202247191,0.8386432385400941,0.23555314878522077,0.1284367457257547,0.6662971915266415,0.03292001573415115,0.09814965968813782,27.92249591814529,170.21781122638575
22275.0,13.995795271742528,0.4489337822671156,0.8390871911341301,0.23652248147649674,0.12812848429360102,0.6655560782328268,0.032784324572268875,0.0979214402906764,27.96492217443593,169.68775893886647
22300.0,14.011503235010478,0.44843049327354256,0.8395022131973383,0.23745694273273266,0.12784385351381528,0.6648450549856045,0.032653933288846415,0.09769800228166281,28.00586005163346,169.15812784471314
22325.0,14.027211198278426,0.4479283314669653,0.8398885687226961,0.23835644596282032,0.12758265151822581,0.6641641915456463,0.03252877975907806,0.09747936249153333,28.04531856164457,168.62891443496645
22350.0,14.042919161546374,0.447427293064877,0.8402465043527418,0.23922091216946595,0.1273446910094756,0.6635135517428125,0.03240880463778256,0.0972655360877216,28.08330657636954,168.10011520833277
22375.0,14.058627124814324,0.446927374301676,0.8405762496493483,0.24005026977074,0.1271297990355522,0.6628931935947003,0.03229395131509952,0.0970565366345596,28.11983282681904,167.57172667954669
22400.0,14.074335088082275,0.44642857142857134,0.8408780173466651,0.24084445442824254,0.12693781677906343,0.6623031694202343,0.03218416587427145,0.0968523761515232,28.154905902487446,167.04374538793272
22425.0,14.090043051350223,0.44593088071348935,0.8411520035875408,0.24160340888194257,0.12676859936097645,0.6617435259482781,0.032079397051482716,0.09665306516977934,28.188534250978297,166.51616790615012
22450.0,14.105751014618171,0.4454342984409799,0.8413983881437361,0.24232708279176643,0.12662201565852635,0.6612143044211662,0.03197959619773752,0.09645861278706735,28.220726177879186,165.98899084910857
22475.0,14.121458977886121,0.44493882091212456,0.8416173346202093,0.2430154325859614,0.12649794813705328,0.6607155406931768,0.03188471724273745,0.0962690267208618,28.251489846881782,165.4622108830427
22500.0,14.137166941154069,0.4444444444444444,0.8418089906437729,0.24366842131629685,0.1263962926954968,0.6602472653238723,0.031794716660730304,0.09608431335983081,28.280833280144805,164.93582473473342
22525.0,14.152874904422017,0.4439511653718091,0.841973488036361,0.2442860185201207,0.12631695852532346,0.6598095036663032,0.03170955343831558,0.09590447781357614,28.308764358896752,164.40982920086637
22550.0,14.168582867689967,0.4434589800443459,0.8421109429731796,0.24486820008929228,0.12625986798265432,0.659402275950049,0.03162918904416612,0.0957295239606587,28.33529082427556,163.88422115751843
22575.0,14.184290830957915,0.44296788482835,0.8422214561259637,0.2454149481460138,0.1262249564733893,0.6590255973590889,0.03155358740064704,0.09555945449489722,28.360420278403517,163.35899756976545
22600.0,14.199998794225863,0.44247787610619477,0.8423051127915832,0.24592625092555845,0.12621217235111842,0.6586794781044862,0.03148271485729842,0.09539427096995534,28.384160185694714,162.83415550140072
22625.0,14.215706757493814,0.4419889502762431,0.8423619830061829,0.24640210266589926,0.12622147682764184,0.6583639234918834,0.03141654016617523,0.09523397384221732,28.406517874394005,162.30969212476143
22650.0,14.231414720761764,0.44150110375275936,0.8423921216450858,0.24684250350422535,0.12625284389591782,0.6580789339838276,0.03135503445899637,0.09507856251194713,28.427500538345328,161.78560473065386
22675.0,14.247122684029712,0.4410143329658214,0.8423955685086173,0.24724745938032827,0.12630626026528047,0.6578245052568997,0.031298171226102234,0.09492803536277206,28.447115238988538,161.26189073837403
22700.0,14.26283064729766,0.4405286343612335,0.8423723483940473,0.24761698194684692,0.1263817253087729,0.6576006282537004,0.031245926297179816,0.09478238979945275,28.465368907584182,160.73854770581787
22725.0,14.27853861056561,0.44004400440044006,0.8423224711537908,0.24795108848632316,0.1264792510224596,0.6574072892296813,0.03119827782374962,0.09464162228399553,28.482268347664885,160.21557333967655
22750.0,14.294246573833558,0.4395604395604396,0.8422459317400298,0.24824980183504897,0.1265988619965825,0.6572444697948461,0.03115520626338769,0.09450572837010496,28.497820237713753,159.69296550571377
22775.0,14.309954537101508,0.43907793633369924,0.8421427102358908,0.24851315031365626,0.12674059539845575,0.6571121469503612,0.031116694365653425,0.09437470273598247,28.51203113406953,159.17072223911916
22800.0,14.325662500369456,0.4385964912280702,0.8420127718732928,0.24874116766440316,0.12690450096697617,0.6570102931200978,0.03108272715973101,0.09424853921549903,28.524907474058985,158.64884175493663
22825.0,14.341370463637407,0.43811610076670315,0.8418560670376011,0.24893389299509866,0.12709064101866763,0.6569388761771358,0.031053291943731298,0.09412723082776564,28.536455579356772,158.127322458563
22850.0,14.357078426905355,0.437636761487965,0.8416725312591696,0.2490913707296186,0.12729909046516086,0.6568978594652806,0.03102837827566951,0.09401076980510081,28.546681659574485,157.6061629563139
22875.0,14.372786390173305,0.4371584699453552,0.8414620851918837,0.24921365056493464,0.1275299368420368,0.6568872018156253,0.031007977966079486,0.09389914761944007,28.555591816079385,157.08536206605336
22900.0,14.388494353441253,0.43668122270742354,0.8412246345787744,0.24930078743459538,0.12778328034896208,0.6569068575582142,0.03099208507226353,0.09379235500719041,28.56319204604491,156.5649188278856
22925.0,14.4042023167092,0.43620501635768816,0.8409600702047882,0.24935284147858416,0.12805923390105717,0.6569567765288628,0.030980695894154586,0.09369038199255308,28.569488246734792,156.0448325149037
22950.0,14.41991027997715,0.43572984749455335,0.8406682678367818,0.24936987801946656,0.12835792319144218,0.6570369040711613,0.030973808971775985,0.09359321790937214,28.57448622002267,155.52510264399424
22975.0,14.435618243245099,0.43525571273122965,0.8403490881507882,0.24935196754475236,0.1286794867649189,0.6571471810337807,0.030971425084292875,0.09350085142146691,28.578191677150357,155.0057289866924
23000.0,14.451326206513047,0.4347826086956522,0.8400023766466218,0.24929918569537357,0.12902407610274552,0.6572875437630831,0.03097354725063267,0.09341327054154336,28.58061024372704,154.4867115800861
23025.0,14.467034169780998,0.4343105320304017,0.8396279635498549,0.2492116132601855,0.12939185571847822,0.6574579240911508,0.030980180731666862,0.09333046264866374,28.581747464972974,153.96805073776295
23050.0,14.482742133048948,0.4338394793926247,0.8392256637012143,0.24908933617639378,0.12978300326484463,0.6576582493192739,0.030991333033941054,0.09325241450433241,28.581608811211055,153.44974706080026
23075.0,14.498450096316896,0.4333694474539545,0.8387952764334298,0.24893244553579547,0.13019770965163532,0.6578884421970146,0.031007013914934906,0.09317911226718989,28.58019968361002,152.93180144878784
23100.0,14.514158059584844,0.4329004329004329,0.8383365854355583,0.24874103759673022,0.13063617917459305,0.6581484208968825,0.031027235389848612,0.0931105415063872,28.57752542018369,152.4142151108842
23125.0,14.529866022852794,0.4324324324324324,0.8378493586048223,0.2485152138016199,0.13109862965528138,0.6584380989847541,0.031052011739896274,0.09304668721362597,28.573591302050332,151.89698957689825
23150.0,14.545573986120742,0.4319654427645788,0.837333347885975,0.24825508079998093,0.13158529259192958,0.6587573853860854,0.031081359522095398,0.09298753381393365,28.56840255995734,151.38012670839115
23175.0,14.56128194938869,0.43149946062567424,0.8367882890982236,0.24796075047678173,0.13209641332123648,0.6591061843480555,0.031115297580539963,0.09293306517516275,28.56196438107612,150.86362870979255
23200.0,14.57698991265664,0.4310344827586207,0.8362139017497286,0.2476323399860096,0.13263225119112934,0.6594843953977088,0.03115384705914201,0.0928832646162816,28.55428191607253,150.34749813952357
23225.0,14.592697875924587,0.4305705059203445,0.835609888839704,0.24726997178932228,0.13319307974446445,0.6598919132962056,0.03119703141583155,0.09283811491447214,28.545360286459086,149.83173792111995
23250.0,14.608405839192539,0.4301075268817204,0.8349759366481446,0.24687377369962527,0.1337791869136636,0.6603286279893265,0.031244876438191765,0.09279759831104828,28.535204592234265,149.31635135434516
23275.0,14.624113802460487,0.4296455424274973,0.8343117145132093,0.24644387892944258,0.13439087522626741,0.6607944245542829,0.031297410260523295,0.09276169651627453,28.523819919815978,148.80134212628715
23300.0,14.639821765728437,0.42918454935622313,0.8336168745962952,0.2459804261439234,0.1350284620213938,0.6612891831430279,0.03135466338231102,0.09273039071304878,28.51121135027569,148.28671432242447
23325.0,14.655529728996385,0.4287245444801715,0.8328910516348379,0.2454835595183208,0.13569227967707506,0.6618127789221231,0.03141666868808704,0.09270366155955612,28.497383967880072,147.7724724376551
23350.0,14.671237692264334,0.4282655246252676,0.8321338626829015,0.24495342879978113,0.13638267584844907,0.6623650820093581,0.03148346146864947,0.09268148919086083,28.482342868947516,147.2586213872712
23375.0,14.686945655532282,0.42780748663101603,0.8313449068396018,0.24439018937328197,0.13710001371675737,0.6629459574071901,0.031555079443640804,0.09266385321952797,28.46609317102766,146.74516651787096
23400.0,14.70265361880023,0.4273504273504274,0.8305237649654426,0.24379400233152446,0.13784467224911692,0.6635552649332227,0.03163156278544052,0.09265073273525282,28.448640022411094,146.2321136181876
23425.0,14.71836158206818,0.42689434364994666,0.8296699993866563,0.2431650345486144,0.13861704646899148,0.6641928591478055,0.03171295414435221,0.09264210630358016,28.429988611978168,145.7194689298249
23450.0,14.734069545336132,0.4264392324093816,0.828783153587642,0.24250345875733623,0.1394175477372953,0.6648585892789418,0.031799298675062704,0.09263795196372193,28.41014417939532,145.2072391578764
23475.0,14.74977750860408,0.4259850905218317,0.8278627518916339,0.24180945362981862,0.14024660404403833,0.6655522991446731,0.03189064406432773,0.09263824722550829,28.38911202566745,144.69543148141364
23500.0,14.765485471872028,0.425531914893617,0.8269082991297378,0.24108320386140145,0.14110466031040217,0.6662738270730688,0.031987040559859986,0.09264296906552971,28.366897524056117,144.18405356381805
23525.0,14.781193435139977,0.4250797024442083,0.8259192802985165,0.24032490025748565,0.141992178701115,0.6670230058200387,0.03208854100036854,0.09265209392247564,28.343506131372493,143.67311356293843
23550.0,14.796901398407925,0.42462845010615713,0.8248951602063109,0.23953473982315865,0.14290963894697162,0.6677996624851115,0.03219520084671745,0.09266559769172988,28.318943399655403,143.16262014104464
23575.0,14.812609361675873,0.4241781548250265,0.8238353831085408,0.23871292585535986,0.1438575386773153,0.6686036184253868,0.03230707821414394,0.0926834557192533,28.293214988243733,142.6525824745541
23600.0,14.828317324943823,0.42372881355932207,0.8227393723322417,0.23785966803737693,0.1448363937622693,0.6694346891678425,0.032424233905488986,0.09270564279478055,28.266326676254636,142.14301026349966
23625.0,14.844025288211771,0.4232804232804233,0.8216065298901594,0.2369751825354159,0.14584673866446793,0.6702926843201992,0.032546731445372706,0.09273213314438489,28.238284375477118,141.63391374070866
23650.0,14.859733251479723,0.4228329809725158,0.820436236084739,0.2360596920970111,0.1468891268000025,0.6711774074805378,0.032674637115258476,0.09276290042245117,28.20909414369239,141.125303680658
23675.0,14.87544121474767,0.42238648363252373,0.8192278491024205,0.23511342615102857,0.14796413090825566,0.6720886561459055,0.03280801998932381,0.09279791770306589,28.17876219843252,140.6171914079686
23700.0,14.89114917801562,0.42194092827004215,0.8179807045986878,0.23413662090899037,0.14907234343025125,0.6730262216201033,0.032946951971060984,0.09283715747090637,28.147294931187993,140.10958880549816
23725.0,14.906857141283568,0.4214963119072708,0.8166941152744012,0.23312951946746535,0.15021437689508305,0.6739898889208942,0.03309150783051579,0.09288059161164042,28.11469892207642,139.60250832199142
23750.0,14.922565104551516,0.4210526315789474,0.8153673704439804,0.23209237191125479,0.15139086431395607,0.674979436686863,0.03324176524206349,0.09292819140188224,28.080980954984557,139.09596297923778
23775.0,14.938273067819466,0.4206098843322818,0.813999735596093,0.23102543541707368,0.15260245958127766,0.6759946370841684,0.033397804822629384,0.09297992749875794,28.04614803319489,138.58996637868876
23800.0,14.953981031087414,0.42016806722689076,0.8125904519475925,0.229928974357464,0.15384983788219922,0.677035255713434,0.033559710170208285,0.09303576992910201,28.010207395510257,138.08453270747893
23825.0,14.969688994355364,0.4197271773347324,0.8111387359915178,0.22880326040462487,0.15513369610590685,0.6781010515170282,0.03372756790257539,0.093095688078347,27.973166532888325,137.57967674379373
23850.0,14.985396957623312,0.41928721174004197,0.8096437790400675,0.2276485726338659,0.15645475326390115,0.6791917766869946,0.03390146769603139,0.09315965067913945,27.93503320559918,137.07541386151857
23875.0,15.001104920891263,0.41884816753926696,0.8081047467635671,0.22646519762636577,0.1578137509123986,0.6803071765739107,0.03408150232403426,0.09322762579972355,27.89581546091867,136.5717600341031
23900.0,15.016812884159211,0.41841004184100417,0.8065207787265729,0.22525342957092698,0.15921145357789426,0.6814469895969278,0.03426776769553283,0.09329958083214518,27.855521651371042,136.06873183756903
23925.0,15.032520847427161,0.4179728317659352,0.8048909879223334,0.2240135703643885,0.16064864918483474,0.6826109471553061,0.034460362892831886,0.09337548248030536,27.814160453533813,135.566346452578
23950.0,15.04822881069511,0.4175365344467641,0.8032144603070365,0.22274592971037824,0.16212614948420334,0.6837987735416918,0.03465939020876019,0.09345529674792996,27.771740887418655,135.06462166548093
23975.0,15.063936773963057,0.4171011470281544,0.8014902543353326,0.22145082521605292,0.1636447904817278,0.6850101858574615,0.03486495518293958,0.09353898892648549,27.72827233644162,134.56357586825467
24000.0,15.079644737231007,0.4166666666666667,0.7997174004988448,0.22012858248648276,0.16520543286425987,0.6862448939304252,0.03507716663689536,0.09362652358309209,27.68376456799629,134.06322805722942
24025.0,15.095352700498955,0.41623309053069724,0.7978949008695123,0.21877953521633808,0.16680896242273865,0.6875026002351862,0.03529613670774903,0.09371786454847575,27.638227754644152,133.56359783050328
24050.0,15.111060663766903,0.4158004158004159,0.7960217286498051,0.21740402527849767,0.16845629047000335,0.6887829998164862,0.03552198088019151,0.09381297490501617,27.59167249593491,133.06470538393006
24075.0,15.126768627034854,0.4153686396677051,0.7940968277320475,0.21600240280923744,0.1701483542515065,0.6900857802158291,0.035754818016446005,0.09391181697493345,27.544109840871656,132.56657150556225
24100.0,15.142476590302804,0.41493775933609955,0.7921191122692932,0.21457502628960753,0.17188611734685375,0.6914106214017298,0.03599477038385304,0.09401435230866262,27.495551311033644,132.06921756841868
24125.0,15.158184553570752,0.41450777202072536,0.7900874662604502,0.21312226262264383,0.17367057005983788,0.6927571957039019,0.036241963679711886,0.09412054167345418,27.446008924371203,131.5726655214391
24150.0,15.1738925168387,0.4140786749482402,0.788000743152545,0.21164448720600545,0.17550272979445916,0.6941251677517201,0.03649652705299586,0.09423034504227445,27.39549521968539,131.07693787847762
24175.0,15.18960048010665,0.4136504653567735,0.7858577654633567,0.21014208399968087,0.1773836414141677,0.6955141944172907,0.036758593122475564,0.0943437215830285,27.344023281806713,130.58205770517634
24200.0,15.205308443374598,0.4132231404958678,0.7836573244278717,0.20861544558836126,0.1793143775813227,0.6969239247634688,0.037028297990805564,0.09446062964816992,27.29160676748585,130.08804860355022
24225.0,15.221016406642548,0.41279669762641896,0.7813981796723521,0.20706497323808232,0.18129603907359962,0.6983539999971679,0.03730578125404824,0.09458102676474989,27.23825993200884,129.5949346940986
24250.0,15.236724369910496,0.4123711340206186,0.7790790589201251,0.2054910769467524,0.18332975507377877,0.6998040534283028,0.03759118600609615,0.09470486962494484,27.183997656550105,129.1027405952526
24275.0,15.252432333178447,0.4119464469618949,0.7766986577335558,0.20389417548816388,0.18541668342905024,0.7012737104347182,0.03788465883739392,0.09483211407711789,27.1288354762752,128.6114913999462
24300.0,15.268140296446395,0.4115226337448559,0.7742556392970433,0.2022746964490914,0.18755801087562962,0.7027625884334376,0.03818634982732705,0.09496271511747101,27.072789609205195,128.12121264909214
24325.0,15.283848259714345,0.4110996916752312,0.7717486342462593,0.20063307625907217,0.1897549532241449,0.7042702968585889,0.03849641252959582,0.09509662688233889,27.015876985853883,127.63193030171988
24350.0,15.299556222982293,0.4106776180698152,0.7691762405493232,0.19896976021248336,0.19200875550086308,0.7057964371463721,0.038815003949813714,0.09523380264114456,26.958115279648656,127.14367070152628
24375.0,15.315264186250241,0.41025641025641024,0.7665370234459843,0.19728520248250045,0.19432069203943464,0.7073406027273718,0.03914228451458107,0.09537419479012776,26.899522938144745,126.65646053956121
24400.0,15.33097214951819,0.4098360655737705,0.7638295154514452,0.19557986612656228,0.196692066517419,0.708902379026602,0.03947841803113583,0.09551775484683567,26.84011921504241,126.17032681276292
24425.0,15.346680112786139,0.4094165813715456,0.7610522164319088,0.19385422308292746,0.19912421193137658,0.7104813434716186,0.03982357163671463,0.09566443344545394,26.779924203014396,125.68529677802734
24450.0,15.362388076054087,0.408997955010225,0.7582035937594993,0.1921087541579528,0.20161849050387773,0.7120770655090065,0.040177915736622966,0.09581418033304068,26.718958867351652,125.20139790148406
24475.0,15.378096039322037,0.40858018386108275,0.7552820825547656,0.19034394900369458,0.2041762935152412,0.7136891066296269,0.04054162392999322,0.09596694436667852,26.657245080432453,124.71865780262222
24500.0,15.393804002589988,0.4081632653061224,0.7522860860255877,0.18856030608546434,0.20679904105230212,0.715317020402914,0.04091487292211021,0.09612267351162163,26.594805657019705,124.23710419288956
24525.0,15.409511965857936,0.4077471967380224,0.7492139759119294,0.18675833263896333,0.20948818166594488,0.7169603525205619,0.041297842422125725,0.09628131484047475,26.531664390389114,123.75676480836272
24550.0,15.425219929125884,0.4073319755600815,0.7460640930465254,0.1849385446166283,0.21224519192856056,0.7186186408499137,0.041690715024914005,0.09644281453345804,26.46784608928924,123.27766733605631
24575.0,15.440927892393834,0.40691759918616477,0.7428347480423279,0.1831014666228443,0.21507157588195921,0.720291415497372,0.04209367607571293,0.09660711787978371,26.40337661573258,122.79983933341657
24600.0,15.456635855661782,0.4065040650406504,0.7395242221182028,0.18124763183767093,0.2179688643656415,0.7219781988821126,0.04250691351615571,0.09677416928021654,26.338282923614294,122.32330814050853
24625.0,15.47234381892973,0.4060913705583757,0.7361307680751628,0.17937758192875872,0.22093861421466487,0.7236785058203951,0.04293061771017237,0.0969439122508462,26.272593098152967,121.8481007843786
24650.0,15.48805178219768,0.4056795131845842,0.7326526114361654,0.17749186695112243,0.22398240731563704,0.7253918436207548,0.043364981248197515,0.09711628942812278,26.206336396144046,121.37424387503741
24675.0,15.503759745465628,0.4052684903748734,0.7290879517633398,0.17559104523448923,0.2271018495086814,0.7271177121903282,0.043810198727978755,0.09729124257518262,26.139543287015275,120.90176349247646
24700.0,15.519467708733579,0.4048582995951417,0.7254349641672747,0.17367568325790694,0.23029856932246234,0.7288556041525703,0.04426646651026295,0.09746871258952272,26.07224549466736,120.43068506408856
24725.0,15.535175672001527,0.4044489383215369,0.7216918010239298,0.1717463555113608,0.23357421652860616,0.7306050049765943,0.044733982447464016,0.09764863951204494,26.004476040080927,119.96103323182922
24750.0,15.550883635269477,0.40404040404040403,0.7178565939154615,0.1698036443441312,0.23693046050112185,0.7323653931183486,0.045212945583416625,0.09783096253752022,25.936269284665794,119.4928317084068
24775.0,15.566591598537425,0.4036326942482341,0.7139274558122525,0.16784813979966606,0.2403689883656061,0.7341362401738399,0.04570355582214142,0.098015620026494,25.867660974322902,119.02610312175281
24800.0,15.582299561805375,0.4032258064516129,0.7099024835141783,0.16588043943675082,0.24389150292227774,0.7359170110445741,0.04620601356354398,0.09820254951867513,25.798688284184657,118.56086884697004
24825.0,15.598007525073323,0.4028197381671702,0.7057797603700885,0.16390114813678436,0.24749972032609807,0.7377071641153851,0.046720519303813435,0.09839168774783058,25.729389863991873,118.09714882491335
24850.0,15.61371548834127,0.4024144869215292,0.7015573592952732,0.1619108778970004,0.2511953675064658,0.7395061514447808,0.047247273198261,0.09858297065821875,25.659805884059722,117.63496136650235
24875.0,15.62942345160922,0.4020100502512563,0.6972333461075032,0.15991024760948058,0.2549801793082611,0.741313418967942,0.04778647458423568,0.09877633342257741,25.589978081775715,117.17432294181316
24900.0,15.645131414877172,0.4016064257028112,0.6928057832030414,0.15789988282585288,0.2588558953352675,0.7431284067124445,0.04833832146169109,0.09897171046170261,25.519949808565105,116.71524795293965
24925.0,15.66083937814512,0.40120361083249745,0.6882727335947261,0.15588041550759146,0.26282425647635305,0.7449505490267935,0.04890300992892088,0.09916903546561506,25.449766077248643,116.25774848955713
24950.0,15.676547341413068,0.40080160320641284,0.6836322653348473,0.15385248376183785,0.2668870010942092,0.7467792748218066,0.04948073357094346,0.09936824141635558,25.379473609705705,115.80183406605335
24975.0,15.692255304681018,0.40040040040040037,0.6788824563462119,0.15181673156274597,0.27104586085583027,0.7486140078248512,0.05007168279795782,0.09956926061240279,25.30912088474526,115.34751133903914
25000.0,15.707963267948966,0.4,0.6740213996851339,0.1497738084583245,0.27530255618356697,0.7504541668469554,0.05067604413129917,0.09977202469472013,25.23875818607062,114.89478380397006
